Sector: Capital Goods,
Date: 05-Jul-2024,
Note:- Statement: 1 = Standalone and 2 = Consolidated,
Generated by and for: sangram.dash.mobile@gmail.com,

Stock Name,Symbol,Industry,Market Cap(Rs. Cr.),TTM Statement,Period Ending,Total Debt(Rs. Cr.),Enterprise Value(Rs. Cr.),TTM Ending (Results),Net Sales (Rs. Cr.),Profit After Tax (Rs. Cr.),TTM Ending (Valuation),Price Earning Ratio(TTM),"PEG Ratio ",Price To Book Value(TTM),Statement,Year Ending,Debt Equity Ratio,Return On Equity(%),Return On Capital Employed(%),Symbol with Comma for External Upload
Siemens Ltd.,SIEMENS,Electric Equipment,281436.5,2,2024-03,,273784,2024-03,21256,2336,2024-03,120.54,7.17,20.22,2,2023-09,0,15.89,21.88,"SIEMENS,"
Bharat Electronics Ltd.,BEL,Engineering - Industrial Equipments,237677.46,2,2024-03,,226620.87,2024-03,20268.24,3943.11,2024-03,59.65,3.77,14.56,2,2023-03,0,22.49,30.15,"BEL,"
ABB India Ltd.,ABB,Electric Equipment,183531.72,1,2023-12,0,178715.55,2024-03,11115.67,1462.61,2024-03,125.48,3.35,28.62,1,2023-12,0,22.94,30.79,"ABB,"
Havells India Ltd.,HAVELLS,Electric Equipment,118847.3,2,2024-03,0,115809.13,2024-03,18590.01,1270.76,2024-03,93.52,9.32,15.97,2,2024-03,0,18.07,25.46,"HAVELLS,"
CG Power and Industrial Solutions Ltd.,CGPOWER,Electric Equipment,118334.46,2,2024-03,0,117480.05,2024-03,8045.98,871.12,2024-03,82.92,1.89,39.39,2,2024-03,0,36.44,48.88,"CGPOWER,"
Bharat Heavy Electricals Ltd.,BHEL,Engineering - Industrial Equipments,109632.76,2,2024-03,8808,112283.29,2024-03,23892.78,-305.14,2024-03,388.47,245.36,4.49,2,2023-03,0.2,1.79,3.44,"BHEL,"
Suzlon Energy Ltd.,SUZLON,Electric Equipment,76689.63,2,2024-03,109.95,76372.74,2024-03,6529.09,660.35,2024-03,116.13,7,19.51,2,2023-03,1.73,0,112.88,"SUZLON,"
Thermax Ltd.,THERMAX,Engineering - Industrial Equipments,65280.97,2,2024-03,1255.95,65561.6,2024-03,9323.46,644.01,2024-03,101.17,7.14,14.7,2,2023-03,0.21,12.25,15.03,"THERMAX,"
Hitachi Energy India Ltd.,POWERINDIA,Electric Equipment,58510.45,1,2024-03,150,58532.25,2024-03,5237.49,163.78,2024-03,357.25,,43.27,1,2023-03,0.23,8,13.46,"POWERINDIA,"
GE T&D India Ltd.,GET&D,Electric Equipment,43297.47,1,2024-03,0.43,43163.8,2024-03,3167.91,181.05,2024-03,239.15,,34.81,1,2023-03,0.2,-0.14,6.96,"GET&D,"
Apar Industries Ltd.,APARINDS,Electric Equipment,35307.95,2,2024-03,405.54,35067.46,2024-03,16167.26,825.71,2024-03,42.79,1.24,9.11,2,2023-03,0.14,32.28,52.72,"APARINDS,"
Jyoti CNC Automation Ltd.,JYOTICNC,Engineering - Industrial Equipments,30014.16,2,2024-03,303.78,29932.33,2024-03,1338.47,150.86,2024-03,198.95,19.63,21.99,2,2023-03,10.16,24.44,13.48,"JYOTICNC,"
Elgi Equipments Ltd.,ELGIEQUIP,Compressors / Pumps,23227.85,2,2024-03,560.46,23013.81,2024-03,3217.76,306.71,2024-03,74.48,3.38,14.42,2,2023-03,0.37,30.89,32.59,"ELGIEQUIP,"
Schneider Electric Infrastructure Ltd.,SCHNEIDER,Electric Equipment,22003.55,1,2024-03,469.18,22472.73,2024-03,2206.68,172.03,2024-03,127.91,4.3,74.22,1,2023-03,3.39,154.11,30.66,"SCHNEIDER,"
BEML Ltd.,BEML,Construction Vehicles,21626.61,2,2024-03,60.56,21678.31,2024-03,4054.32,281.77,2024-03,76.75,19.08,8.11,2,2023-03,0.15,6.61,11.21,"BEML,"
Inox Wind Ltd.,INOXWIND,Electric Equipment,20854.18,2,2024-03,3236.8,24037.06,2024-03,1750.55,-52.52,2024-03,0,,7.8,2,2023-03,1.38,-50.69,-9.07,"INOXWIND,"
V-Guard Industries Ltd.,VGUARD,Electric Equipment,20569.63,2,2024-03,291.03,20803.29,2024-03,4856.67,257.58,2024-03,79.86,11.26,11.34,2,2023-03,0.27,12.88,15.78,"VGUARD,"
Kirloskar Oil Engines Ltd.,KIRLOSENG,Engineering - Industrial Equipments,20250.92,2,2024-03,4124.68,23870.85,2024-03,5898.32,438.37,2024-03,45.83,2.42,7.57,2,2023-03,1.41,15.21,13.77,"KIRLOSENG,"
Kirloskar Brothers Ltd.,KIRLOSBROS,Engineering - Industrial Equipments,20228.23,2,2024-03,154.9,20090.33,2024-03,4001.2,339.6,2024-03,58.09,1.57,11.77,2,2023-03,0.18,17.44,22.03,"KIRLOSBROS,"
Triveni Turbine Ltd.,TRITURBINE,Engineering - Industrial Equipments,20186.77,2,2024-03,,19784.3,2024-03,1653.94,269.31,2024-03,75,5.02,21.03,2,2023-03,0,23.86,31.91,"TRITURBINE,"
Rites Ltd.,RITES,Engineering,18129.58,2,2024-03,,14988.25,2024-03,2452.85,489.73,2024-03,39.81,4.14,6.95,2,2023-03,0,22.42,30.52,"RITES,"
Action Construction Equipment Ltd.,ACE,Construction Vehicles,17790.43,2,2024-03,3.88,17683.9,2024-03,2913.8,328.2,2024-03,54.21,2.01,14.47,2,2023-03,0.01,20.68,28.57,"ACE,"
KSB Ltd.,KSB,Compressors / Pumps,17320.73,2,2023-12,0,17046.16,2024-03,2301.8,202.1,2024-03,81.55,3.42,12.88,2,2023-12,0,17.07,23.36,"KSB,"
Elecon Engineering Company Ltd.,ELECON,Engineering - Industrial Equipments,15259.2,2,2024-03,0,14995.89,2024-03,1937.42,349.18,2024-03,42.91,1.12,9.51,2,2024-03,0,24.67,32.9,"ELECON,"
Engineers India Ltd.,ENGINERSIN,Engineering,15107.7,2,2024-03,,13888.96,2024-03,3280.86,360.16,2024-03,33.93,,6.7,2,2023-03,0,18.45,24.04,"ENGINERSIN,"
Ingersoll-Rand (India) Ltd.,INGERRAND,Compressors / Pumps,14412.05,1,2024-03,,14189.13,2024-03,1213.69,222.39,2024-03,64.81,4.18,24.92,1,2023-03,0,32.42,44.02,"INGERRAND,"
Praj Industries Ltd.,PRAJIND,Engineering - Industrial Equipments,13541.51,2,2024-03,0,13328.8,2024-03,3466.28,283.39,2024-03,47.79,1.45,10.63,2,2024-03,0,24.12,32.92,"PRAJIND,"
Voltamp Transformers Ltd.,VOLTAMP,Electric Equipment,13031.15,1,2024-03,0,13001.73,2024-03,1616.22,307.36,2024-03,42.4,1.44,9.64,1,2024-03,0,24.98,32.51,"VOLTAMP,"
RHI Magnesita India Ltd.,RHIM,Refractories,12957.96,2,2024-03,362.58,13267.29,2024-03,3781.1,-100.11,2024-03,0,,3.37,2,2023-03,0.52,-23.76,-13.02,"RHIM,"
Inox India Ltd.,INOXINDIA,Engineering - Industrial Equipments,12725.04,2,2024-03,4.87,12718.11,2024-03,1131.17,196,2024-03,64.92,239.84,19.77,2,2024-03,0.01,32.85,43.78,"INOXINDIA,"
Transformers & Rectifiers (India) Ltd.,TRIL,Electric Equipment,11811.53,2,2024-03,255.8,12040.07,2024-03,1294.68,47.02,2024-03,265.44,4.57,11.2,2,2024-03,0.46,9.91,15.02,"TRIL,"
Tega Industries Ltd.,TEGA,Engineering - Industrial Equipments,11745.18,2,2024-03,243.14,11901.61,2024-03,1492.71,189.42,2024-03,60.59,1.28,9.85,2,2023-03,0.3,20.62,22.11,"TEGA,"
Graphite India Ltd.,GRAPHITE,Electrodes & Welding Equipment,11220.42,2,2024-03,176.61,11327.47,2024-03,2950,805,2024-03,13.88,,2,2,2024-03,0.03,15.22,18.5,"GRAPHITE,"
Azad Engineering Ltd.,AZAD,Engineering - Industrial Equipments,10906.35,2,2024-03,37.16,10884.59,2024-03,340.77,58.58,2024-03,186.18,,16.91,2,2023-03,1.47,5.23,15.95,"AZAD,"
Genus Power Infrastructures Ltd.,GENUSPOWER,Engineering - Industrial Equipments,10622.3,2,2024-03,587.12,10538.96,2024-03,1198.47,101.04,2024-03,122.57,,6.75,2,2023-03,0.36,3.07,5.77,"GENUSPOWER,"
Vesuvius India Ltd.,VESUVIUS,Refractories,10604.4,1,2023-12,0,10139.1,2024-03,1688.57,238.37,2024-03,44.49,2.45,8.34,1,2023-12,0,19.43,26.25,"VESUVIUS,"
Ion Exchange (India) Ltd.,IONEXCHANG,Engineering - Industrial Equipments,9576.59,2,2024-03,137.58,9126.27,2024-03,2347.85,193.82,2024-03,48.86,1.31,9.4,2,2023-03,0.06,26.18,34.06,"IONEXCHANG,"
Esab India Ltd.,ESABINDIA,Electrodes & Welding Equipment,9472.02,1,2024-03,,9384.24,2024-03,1243.77,162.99,2024-03,58.12,2.05,30.69,1,2023-03,0,53.79,72.47,"ESABINDIA,"
Shakti Pumps (India) Ltd.,SHAKTIPUMP,Compressors / Pumps,9045.85,2,2024-03,82.91,8927.45,2024-03,1370.74,141.71,2024-03,63.83,,11.98,2,2023-03,0.18,5.95,10.4,"SHAKTIPUMP,"
Lloyds Engineering Works Ltd.,LLOYDSENGG,Engineering - Industrial Equipments,8786.18,1,2024-03,60.81,8721.77,2024-03,624.24,79.84,2024-03,110.05,1.37,21.36,1,2023-03,0.25,24.09,26.84,"LLOYDSENGG,"
HEG Ltd.,HEG,Electrodes & Welding Equipment,8702.9,2,2024-03,619.38,8912.04,2024-03,2394.9,230.02,2024-03,27.92,,1.97,2,2024-03,0.14,7.16,8.56,"HEG,"
Kirloskar Pneumatic Company Ltd.,KIRLPNU,Compressors / Pumps,8441.69,1,2024-03,0,8388.57,2024-03,1322.62,133.28,2024-03,63.33,3.06,9.06,1,2024-03,0,15.57,20.94,"KIRLPNU,"
Shriram Pistons & Rings Ltd,SHRIPISTON,Engineering - Industrial Equipments,8253.62,2,2024-03,454.91,7846.56,2024-03,3089.33,438.68,2024-03,18.65,0.71,4.31,2,2024-03,0.24,25.55,29.59,"SHRIPISTON,"
HMT Ltd.,HMT,Engineering - Industrial Equipments,8209.5,1,2023-09,641.72,8684.64,2023-12,52.06,-8.58,2023-12,0,0,6.35,2,2023-03,-0.87,0,0,"HMT,"
Kennametal India Ltd.,505890,Engineering,7806.89,1,2023-12,,7694.09,2024-03,1076.8,99,2024-03,78.86,10,10.2,1,2023-06,0,13.16,17.65,"505890,"
Nesco Ltd.,NESCO,Engineering - Industrial Equipments,6618.66,1,2024-03,,6590.75,2024-03,678.18,362.78,2024-03,18.24,1.79,2.85,2,2023-03,0,15.87,20.71,"NESCO,"
GMM Pfaudler Ltd.,GMMPFAUDLR,Engineering - Industrial Equipments,6387.52,2,2024-03,712.02,6755.97,2024-03,3446.48,184.05,2024-03,35.7,1.03,6.6,2,2023-03,1,32.17,25.96,"GMMPFAUDLR,"
MTAR Technologies Ltd.,MTARTECH,Engineering,6241.58,2,2024-03,190.92,6381.66,2024-03,580.75,56.11,2024-03,111.23,,9.23,2,2023-03,0.23,18.15,22.45,"MTARTECH,"
Bharat Bijlee Ltd.,BBL,Electric Equipment,6199.76,1,2024-03,150,6180.43,2024-03,1872.48,131.44,2024-03,47.17,1.11,3.31,1,2023-03,0.21,6.66,8.85,"BBL,"
Cyient DLM Ltd.,CYIENTDLM,Electric Equipment,6196.19,2,2024-03,133.56,5793.16,2024-03,1191.87,61.2,2024-03,101.25,,6.85,2,2024-03,0.15,11.11,14.99,"CYIENTDLM,"
TD Power Systems Ltd.,TDPOWERSYS,Electric Equipment,6122.4,2,2024-03,,5911.04,2024-03,1000.52,118.35,2024-03,51.73,0.96,8.68,2,2023-03,0,17.11,22.29,"TDPOWERSYS,"
Kirloskar Industries Ltd.,KIRLOSIND,Engineering - Industrial Equipments,6019.77,2,2024-03,1217.84,7122.65,2024-03,6368.39,360.66,2024-03,31.42,0.89,1.24,2,2023-03,0.32,17.16,19.94,"KIRLOSIND,"
Exicom Tele-Systems Ltd.,EXICOM,Electric Equipment,5982.02,2,2024-03,30.11,5651.76,2024-03,1019.6,63.92,2024-03,93.59,,8.29,2,2023-03,0.51,13.68,15.15,"EXICOM,"
Harsha Engineers International Ltd.,HARSHA,Engineering - Industrial Equipments,5281.47,2,2024-03,172.42,5332.28,2024-03,1392.3,111.43,2024-03,47.4,,4.49,2,2023-03,0.17,15.53,17.07,"HARSHA,"
Inox Green Energy Services Ltd.,INOXGREEN,Engineering,5132.23,2,2024-03,173.8,5290.99,2024-03,223.66,28.64,2024-03,183.89,17.26,3.82,2,2023-03,0.53,-2.11,1.87,"INOXGREEN,"
JNK India Ltd.,JNKINDIA,Engineering - Industrial Equipments,4958.88,2,2024-03,54.78,4984.53,2024-03,480.24,62.65,2024-03,79.15,,5.88,2,2023-03,0.29,48.99,57.17,"JNKINDIA,"
Dynamatic Technologies Ltd.,DYNAMATECH,Compressors / Pumps,4946.58,2,2024-03,458.16,5343.33,2024-03,1429.33,121.81,2024-03,40.61,0.32,7.41,2,2023-03,1.14,9.27,11.8,"DYNAMATECH,"
Sanghvi Movers Ltd.,SANGHVIMOV,Engineering - Industrial Equipments,4847.82,1,2024-03,292.12,5058.84,2024-03,618.54,187.94,2024-03,25.79,,4.78,2,2023-03,0.22,14.22,17.2,"SANGHVIMOV,"
Shilchar Technologies Ltd.,531201,Electric Equipment,4807.55,1,2024-03,,4747.39,2024-03,396.88,91.89,2024-03,52.32,1.07,23.03,1,2023-03,0,42.86,53.85,"531201,"
WPIL Ltd.,505872,Compressors / Pumps,4463.07,2,2024-03,206.52,4040.91,2024-03,1727.86,193.28,2024-03,9.4,0.26,3.58,2,2023-03,0.28,30.47,32.79,"505872,"
Skipper Ltd.,SKIPPER,Engineering - Industrial Equipments,4392.13,2,2024-03,577.26,4834.5,2024-03,3282.04,74.68,2024-03,53.78,,4.89,2,2023-03,0.63,4.74,12.14,"SKIPPER,"
Honda India Power Products Ltd.,HONDAPOWER,Electric Equipment,4250.1,1,2024-03,,3709.3,2024-03,989.07,92.21,2024-03,46.09,4.26,5.22,1,2023-03,0,12.1,16.5,"HONDAPOWER,"
Balu Forge Industries Ltd.,BALUFORGE,Engineering - Industrial Equipments,3775.38,2,2024-03,48.78,3733.28,2024-03,559.86,93.67,2024-03,40.3,,6.83,2,2023-03,0.26,21.91,26.91,"BALUFORGE,"
Thejo Engineering Ltd.,THEJO,Engineering,3772.01,2,2024-03,14.2,3718.04,2024-03,559.4,59.39,2024-03,67.79,2.82,15.07,2,2023-03,0.08,19.46,25.59,"THEJO,"
Pitti Engineering Ltd.,PITTIENG,Engineering,3730.63,2,2024-03,536.69,4157.87,2024-03,1201.6,90.19,2024-03,41.36,,8.96,2,2023-03,0.87,19.04,20.22,"PITTIENG,"
Spectrum Electrical Industries Ltd.,SPECTRUM,Electric Equipment,3650.93,1,2024-03,88.18,3739.1,2024-03,328.45,19.45,2024-03,187.67,,21.55,2,2023-03,1.08,9.63,10.83,"SPECTRUM,"
The Anup Engineering Ltd.,ANUP,Engineering - Industrial Equipments,3631.83,1,2024-03,19.27,3629.83,2024-03,550.38,105.15,2024-03,35.1,,6.7,2,2023-03,0.08,12.41,16.77,"ANUP,"
Ideaforge Technology Ltd.,IDEAFORGE,Engineering - Industrial Equipments,3608.98,2,2024-03,,3335.23,2024-03,314,44.89,2024-03,79.72,,5.46,2,2023-03,0.29,14.44,16.06,"IDEAFORGE,"
HLE Glascoat Ltd.,HLEGLAS,Engineering - Industrial Equipments,3344.67,2,2024-03,362.47,3661.67,2024-03,967.8,40.89,2024-03,112.66,,8.02,2,2023-03,0.76,24.49,24.22,"HLEGLAS,"
Salasar Techno Engineering Ltd.,SALASAR,Engineering - Industrial Equipments,3249.78,2,2024-03,348.72,3569.16,2024-03,1208.43,52.94,2024-03,61.39,9.02,4.9,2,2023-03,0.68,11.8,14.23,"SALASAR,"
KP Green Engineering Ltd.,544150,Engineering,2970,1,2024-03,36.61,3006.61,2024-03,349.05,35.39,2024-03,83.92,,11.65,2,2023-03,0.54,46.5,44.53,"544150,"
HPL Electric & Power Ltd.,HPL,Electric Equipment,2909.92,2,2024-03,623.01,3474,2024-03,1460.86,43.63,2024-03,66.8,34.63,3.51,2,2023-03,0.75,3.88,8.88,"HPL,"
John Cockerill India Ltd,500147,Engineering - Industrial Equipments,2782.46,1,2023-12,0,2651.99,2024-03,813.69,25.26,2024-03,110.17,,12.92,1,2023-12,0,10.72,14.07,"500147,"
Ujaas Energy Ltd.,UEL,Electric Equipment,2700.45,1,2024-03,18.51,2713.91,2024-03,26.73,28.96,2024-03,93.26,,30.3,1,2023-03,2.09,-29.52,-1.55,"UEL,"
Jash Engineering Ltd.,JASH,Engineering - Industrial Equipments,2627.57,2,2024-03,71.98,2603.98,2024-03,515.67,66.89,2024-03,39.35,0.23,7.48,2,2023-03,0.32,24.55,23.04,"JASH,"
Dee Development Engineers Ltd,DEEDEV,Engineering - Industrial Equipments,2558.45,1,2023-03,352.62,2878.28,,,,2023-03,137.66,,2.69,2,2023-03,0.83,3.1,7.43,"DEEDEV,"
Alpex Solar Ltd.,ALPEXSOLAR,Electric Equipment,2553.92,1,2024-03,35.73,2589.65,2024-03,404.43,29.05,2024-03,87.91,,20.3,2,2023-03,1.14,9.57,13.9,"ALPEXSOLAR,"
Marine Electricals (India) Ltd.,MARINE,Engineering - Industrial Equipments,2491.72,2,2024-03,95.47,2564,2024-03,622.12,25.62,2024-03,96.21,63.34,9.94,2,2023-03,0.32,8.88,14.49,"MARINE,"
IFGL Refractories Ltd.,IFGLEXPOR,Refractories,2354.27,2,2024-03,162.98,2445.64,2024-03,1639.49,81.67,2024-03,28.83,2.63,2.2,2,2023-03,0.15,8.17,10.17,"IFGLEXPOR,"
Uniparts India Ltd.,UNIPARTS,Engineering - Industrial Equipments,2343.57,2,2024-03,61.92,2386.45,2024-03,1139.54,124.69,2024-03,18.8,0.61,2.7,2,2023-03,0.02,27.12,33.03,"UNIPARTS,"
Disa India Ltd.,500068,Engineering - Industrial Equipments,2328.57,2,2024-03,,2096.77,2024-03,328.55,42.88,2024-03,54.3,4.41,9.47,2,2023-03,0,13.99,19.21,"500068,"
Divgi Torqtransfer Systems Ltd.,DIVGIITTS,Engineering,2184.54,1,2024-03,0.35,1920.58,2024-03,253.42,39.74,2024-03,54.98,3.63,3.95,1,2023-03,0,11.48,15.53,"DIVGIITTS,"
Roto Pumps Ltd.,ROTO,Compressors / Pumps,2167.28,2,2024-03,35.78,2171.46,2024-03,274.5,39.41,2024-03,55.33,1.79,11.12,2,2023-03,0.24,22.36,28.47,"ROTO,"
TIL Ltd.,505196,Construction Vehicles,2167.23,2,2024-03,157.24,2314.15,2024-03,66.91,253.9,2024-03,8.54,,26.87,2,2023-03,-1.37,0,-37.5,"505196,"
MIC Electronics Ltd.,MICEL,Electric Equipment,2072.22,1,2024-03,11.6,2076.08,2024-03,54.57,61.84,2024-03,33.51,2.25,9.78,2,2023-03,3.57,5.4,1.42,"MICEL,"
Aeroflex Industries Ltd.,AEROFLEX,Engineering - Industrial Equipments,2061.37,2,2024-03,0.12,1955.76,2024-03,317.91,41.73,2024-03,49.39,,7.03,2,2024-03,0,20.51,26.5,"AEROFLEX,"
Servotech Power Systems Ltd.,SERVOTECH,Electric Equipment,1976.94,2,2024-03,72.76,1983.28,2024-03,353.68,11.8,2024-03,168.08,,16.22,2,2023-03,0.52,17.37,17.72,"SERVOTECH,"
Advait Infratech Ltd.,543230,Engineering - Industrial Equipments,1976.71,2,2024-03,55.27,1989.01,2024-03,208.85,21.88,2024-03,90.34,17.92,26.91,2,2023-03,0.34,19.86,27.08,"543230,"
Ador Welding Ltd.,ADORWELD,Electrodes & Welding Equipment,1966.41,1,2024-03,42.51,2006.18,2024-03,883.83,63.19,2024-03,31.12,1.45,5.41,1,2024-03,0.12,18.43,24.43,"ADORWELD,"
Indo Tech Transformers Ltd.,INDOTECH,Electric Equipment,1898.86,1,2024-03,5,1846.32,2024-03,503.61,46.86,2024-03,40.52,0.74,8.84,1,2023-03,0.07,16.27,20.84,"INDOTECH,"
Rajoo Engineers Ltd.,522257,Engineering - Industrial Equipments,1894.34,2,2024-03,1.31,1863.14,2024-03,197.42,19.71,2024-03,90.17,,14.96,2,2023-03,0.01,11.06,14.59,"522257,"
Kilburn Engineering Ltd.,522101,Engineering - Industrial Equipments,1879.83,1,2024-03,72.89,1926.56,2024-03,293.21,39.67,2024-03,47.39,0.86,8.49,1,2023-03,0.61,34.32,29.39,"522101,"
Hercules Hoists Ltd.,HERCULES,Engineering - Industrial Equipments,1860.8,2,2024-03,,1848.22,2024-03,179.52,35.96,2024-03,51.72,,1.96,2,2023-03,0,28.56,32.21,"HERCULES,"
Forbes Precision Tools And Machine Parts Ltd.,544186,Engineering - Industrial Equipments,1790.07,1,2024-03,5.42,1779.54,2024-03,228.5,29.71,2024-03,60.25,,12.99,1,2024-03,0.04,43.12,57.24,"544186,"
Rishabh Instruments Ltd.,RISHABH,Electric Equipment,1725.58,2,2024-03,54.84,1625.7,2024-03,689.75,39.91,2024-03,43.51,,3.06,2,2023-03,0.26,14.01,14.1,"RISHABH,"
Walchandnagar Industries Ltd.,WALCHANNAG,Engineering - Industrial Equipments,1656.67,1,2024-03,240.53,1786.49,2024-03,302.35,-41.81,2024-03,0,,4.59,1,2023-03,1.12,8.95,12.7,"WALCHANNAG,"
Salzer Electronics Ltd.,SALZERELEC,Electric Equipment,1651.74,2,2024-03,307.87,1947.54,2024-03,1166.31,47.06,2024-03,36.01,,3.43,2,2023-03,0.7,10.58,12.55,"SALZERELEC,"
Everest Kanto Cylinder Ltd.,EKC,Engineering - Industrial Equipments,1636.55,2,2024-03,41.28,1586,2024-03,1222.96,97.6,2024-03,16.49,0.49,1.49,2,2023-03,0.1,7.98,10.35,"EKC,"
Yuken India Ltd.,YUKEN,Engineering - Industrial Equipments,1608.62,2,2024-03,76.93,1674.76,2024-03,422.54,18.61,2024-03,85.49,400.4,5.76,2,2023-03,0.59,4.89,8.35,"YUKEN,"
Igarashi Motors India Ltd.,IGARASHI,Electric Equipment,1573.75,1,2024-03,112.19,1681.38,2024-03,725.04,9.57,2024-03,164.38,,3.53,1,2023-03,0.21,1.19,4.18,"IGARASHI,"
Eimco Elecon (India) Ltd.,EIMCOELECO,Engineering - Industrial Equipments,1528.62,2,2024-03,0,1520.6,2024-03,227.45,38.53,2024-03,39.66,3.7,3.96,2,2024-03,0,10.46,13.31,"EIMCOELECO,"
Kabra Extrusiontechnik Ltd.,KABRAEXTRU,Engineering - Industrial Equipments,1426.89,2,2024-03,85.57,1467.79,2024-03,607.88,31.57,2024-03,42.19,6.23,3.16,2,2024-03,0.19,8.1,10.88,"KABRAEXTRU,"
Kirloskar Electric Company Ltd.,KECL,Electric Equipment,1381.41,2,2024-03,126.48,1478.65,2024-03,557.35,14.08,2024-03,98.11,5.25,-5.28,2,2023-03,-0.53,0,0,"KECL,"
Macpower CNC Machines Ltd.,MACPOWER,Engineering - Industrial Equipments,1380.57,1,2024-03,,1367.71,2024-03,241.04,24.23,2024-03,56.93,4.43,11.67,1,2023-03,0,14.22,19.37,"MACPOWER,"
Sika Interplant Systems Ltd.,523606,Engineering - Industrial Equipments,1335.66,2,2024-03,,1311.16,2024-03,106.03,19.36,2024-03,69,1.58,12.41,2,2023-03,0,10.76,15.51,"523606,"
Vilas Transcore Ltd.,VILAS,Electric Equipment,1246.4,1,2024-03,0.05,1246.45,2024-03,309.74,23.08,2024-03,54.02,2.77,5.4,1,2023-03,0.04,18.28,25.48,"VILAS,"
Hind Rectifiers Ltd.,HIRECT,Electric Equipment,1213.36,1,2024-03,128.93,1340.74,2024-03,517.55,12.51,2024-03,96.98,3.55,9.7,1,2023-03,0.94,-5.84,-0.09,"HIRECT,"
Alliance Integrated Metaliks Ltd.,534064,Engineering - Industrial Equipments,1198.02,1,2024-03,258.18,1449.73,2024-03,67.55,64.18,2024-03,18.67,,-5.69,1,2023-03,-1.47,0,57.59,"534064,"
Solex Energy Ltd.,SOLEX,Electric Equipment,1171.08,1,2024-03,96.16,1267.24,2024-03,365.92,8.73,2024-03,134.1,,31.12,1,2023-03,1.75,7.46,11.98,"SOLEX,"
Windsor Machines Ltd.,WINDMACHIN,Engineering - Industrial Equipments,1164.55,2,2024-03,35.54,1197.11,2024-03,354.71,-7.72,2024-03,0,,4.37,2,2023-03,0.13,1.64,6.99,"WINDMACHIN,"
Zodiac Energy Ltd.,543416,Engineering - Industrial Equipments,1120.64,1,2024-03,38.12,1148.56,2024-03,220.06,10.94,2024-03,102.14,10.39,23.54,1,2023-03,1.25,9.25,11.54,"543416,"
Emkay Taps And Cutting Tools Ltd.,EMKAYTOOLS,Engineering - Industrial Equipments,1051.12,1,2024-03,6.48,1057.61,2024-03,103.45,71.9,2024-03,14.62,0.85,4.65,1,2023-03,0.03,21.69,27.31,"EMKAYTOOLS,"
W.S. Industries (India) Ltd.,WSI,Electric Equipment,1045.1,2,2024-03,70.78,1077.29,2024-03,326.38,46.95,2024-03,22.26,,8.17,2,2023-03,1.6,0,9.77,"WSI,"
De Nora India Ltd.,DENORA,Electrodes & Welding Equipment,1023.61,1,2024-03,,1015.67,2024-03,73.8,19.01,2024-03,53.85,0.84,8.38,1,2023-03,0,22.09,29.68,"DENORA,"
Supreme Power Equipment Ltd.,SUPREMEPWR,Electric Equipment,983.28,1,2024-03,5.91,989.19,2024-03,107.18,14,2024-03,70.22,,12.06,2,2023-03,1.11,61.35,47.28,"SUPREMEPWR,"
Axtel Industries Ltd.,523850,Engineering - Industrial Equipments,982.21,1,2024-03,,982.21,2024-03,223.33,32.13,2024-03,30.57,1.28,8.58,1,2023-03,0,19.55,27.11,"523850,"
Focus Lighting & Fixtures Ltd.,FOCUS,Electric Equipment,965.44,2,2024-03,12.84,978.29,2024-03,223.81,38.72,2024-03,24.64,0.78,7.49,2,2023-03,0.03,36.25,46.3,"FOCUS,"
Integra Engineering India Ltd.,505358,Engineering - Industrial Equipments,962.91,2,2024-03,24.69,979.33,2024-03,146.82,14.52,2024-03,66.31,12.09,12.56,2,2024-03,0.32,20.93,24.27,"505358,"
Permanent Magnets Ltd.,504132,Electric Equipment,954.56,1,2024-03,13.42,927.67,2024-03,201.47,22.75,2024-03,41.98,0.91,7.21,1,2023-03,0.05,30.8,40.88,"504132,"
Algoquant Fintech Ltd.,505725,Engineering - Industrial Equipments,953.23,1,2024-03,20.73,971.72,2024-03,64.17,9.8,2024-03,97.23,,21.54,1,2023-03,0.89,-8.64,-9.96,"505725,"
Atmastco Ltd.,ATMASTCO,Engineering - Industrial Equipments,944.37,1,2024-03,70.9,1015.27,2024-03,224.01,16.71,2024-03,56.53,,8.28,2,2023-03,1.31,26.57,25.66,"ATMASTCO,"
Morganite Crucible (India) Ltd.,523160,Refractories,915.04,1,2024-03,,865.04,2024-03,167.93,23.49,2024-03,38.96,12.86,7.17,1,2023-03,0,12.92,17.89,"523160,"
Shivalic Power Control Ltd.,SPCL,Electric Equipment,911.33,1,2023-03,23.54,933.83,,,,2023-03,127.24,,8.34,1,2023-03,1.02,36.82,26.8,"SPCL,"
Virtuoso Optoelectronics Ltd.,543597,Electric Equipment,890.25,1,2024-03,134.97,1025.22,2024-03,531.08,10.13,2024-03,87.9,,4.95,1,2023-03,0.94,13.52,18.32,"543597,"
Marsons Ltd.,517467,Electric Equipment,855.34,1,2024-03,9.01,864.09,2024-03,6.46,0.63,2024-03,0,0,9.05,1,2023-03,4.81,235.88,32.19,"517467,"
Veljan Denison Ltd.,505232,Compressors / Pumps,854.96,2,2024-03,6.94,822.1,2024-03,137.69,21.95,2024-03,38.73,,4.13,2,2023-03,0.05,8.65,11.51,"505232,"
Megatherm Induction Ltd.,MEGATHERM,Engineering - Industrial Equipments,853.3,1,2024-03,36.16,828.84,2024-03,306.26,20.72,2024-03,41.17,,7.09,1,2023-03,0.85,32.1,30.12,"MEGATHERM,"
Bajaj Steel Industries Ltd.,507944,Engineering - Industrial Equipments,847.29,2,2024-03,56.23,814.41,2024-03,550.96,59.15,2024-03,14.36,0.35,2.55,2,2023-03,0.13,28.1,35.26,"507944,"
Forbes & Company Ltd.,502865,Engineering - Industrial Equipments,818.93,2,2024-03,4.06,788.52,2024-03,335.93,39.43,2024-03,0,0,10.43,2,2023-03,0.69,153.37,74.69,"502865,"
Mallcom (India) Ltd,MALLCOM,Engineering - Industrial Equipments,818.03,2,2024-03,92.69,878.26,2024-03,420.72,36.31,2024-03,22.53,0.66,3.44,2,2023-03,0.45,19.9,20.71,"MALLCOM,"
Lokesh Machines Ltd.,LOKESHMACH,Engineering,795.36,1,2024-03,118.05,904.92,2024-03,293.54,13.85,2024-03,57.43,5.02,4.08,1,2023-03,0.55,6.28,10.45,"LOKESHMACH,"
Artemis Electricals And Projects Ltd.,542670,Electric Equipment,777.46,1,2023-09,23.91,801.33,2023-12,69.87,12.5,2023-12,62.22,,9.84,2,2023-03,0.37,8.66,8.99,"542670,"
Concord Control Systems Ltd.,543619,Engineering - Industrial Equipments,705.28,1,2024-03,2.71,707.98,2024-03,65.52,13.04,2024-03,54.08,,21.7,2,2023-03,0.13,37.97,42.92,"543619,"
RMC Switchgears Ltd.,540358,Electric Equipment,680.35,1,2024-03,49.93,730.28,2024-03,172.63,14.89,2024-03,45.7,1.27,11.2,1,2023-03,1.02,31.92,29.6,"540358,"
Orient Ceratech Ltd.,ORIENTCER,Refractories,680.15,2,2024-03,57.62,732.15,2024-03,313.37,19.02,2024-03,35.76,,2.47,2,2023-03,0.06,5.6,7.86,"ORIENTCER,"
Affordable Robotic & Automation Ltd.,541402,Engineering,635.36,1,2024-03,46.22,681.58,2024-03,150.07,6.07,2024-03,104.65,,6.25,2,2023-03,0.64,3.83,8,"541402,"
Sealmatic India Ltd.,543782,Engineering - Industrial Equipments,616.3,1,2024-03,3.36,603.1,2024-03,71.02,9.86,2024-03,62.54,,7.02,1,2023-03,0.06,20.15,26.72,"543782,"
Artson Engineering Ltd.,522134,Engineering - Industrial Equipments,614.72,1,2024-03,60.28,674.87,2024-03,128.12,6.05,2024-03,101.57,,-67.27,1,2023-03,-3.88,0,-22.4,"522134,"
Taylormade Renewables Ltd.,541228,Electric Equipment,598.74,1,2024-03,7.05,605.78,2024-03,46.9,10.61,2024-03,56.43,3.71,15.44,1,2023-03,0.17,10.28,13.56,"541228,"
Pavna Industries Ltd.,PAVNAIND,Engineering - Industrial Equipments,596.62,2,2024-03,120.95,717.22,2024-03,316.88,11.98,2024-03,56.49,,8.17,2,2023-03,2.22,14.9,12.46,"PAVNAIND,"
TRF Ltd.,505854,Engineering - Industrial Equipments,587.64,2,2024-03,119.17,634.6,2024-03,139.96,39.58,2024-03,13.01,0.63,15.04,2,2023-03,4.86,0,128.7,"505854,"
RBM Infracon Ltd.,RBMINFRA,Engineering,577.13,1,2024-03,2.19,579.32,2024-03,129.73,11.09,2024-03,52.02,,6.39,1,2023-03,0.47,18.49,19.88,"RBMINFRA,"
Mazda Ltd.,MAZDA,Engineering - Industrial Equipments,575.18,1,2024-03,,560.87,2024-03,225.43,31.52,2024-03,18.25,0.87,2.69,1,2023-03,0,15.22,20.78,"MAZDA,"
Saakshi Medtech & Panels Ltd.,SAAKSHI,Electric Equipment,573.73,1,2024-03,18.02,591.75,2024-03,121.85,11.31,2024-03,50.74,,5.87,1,2023-03,0.48,34.35,33.25,"SAAKSHI,"
BEW Engineering Ltd.,BEWLTD,Engineering,545.84,1,2024-03,65.82,611.66,2024-03,120.76,13.56,2024-03,40.25,0.66,5.02,1,2023-03,1.58,31.86,24.91,"BEWLTD,"
International Conveyors Ltd.,INTLCONV,Engineering - Industrial Equipments,541.32,2,2024-03,124.62,662.57,2024-03,133.93,62.39,2024-03,8.68,0.2,1.98,2,2023-03,0.3,13.44,15.95,"INTLCONV,"
Refractory Shapes Ltd.,REFRACTORY,Refractories,526.47,1,2024-03,23.52,549.99,2024-03,40.55,4.03,2024-03,130.8,,10.33,1,2023-03,1.23,12.19,10.87,"REFRACTORY,"
Ador Fontech Ltd.,530431,Electrodes & Welding Equipment,512.05,2,2024-03,,466.22,2024-03,210.13,23.74,2024-03,21.57,1.06,3.87,2,2023-03,0,14.08,21.79,"530431,"
JostS Engineering Company Ltd.,505750,Engineering - Industrial Equipments,493.34,2,2024-03,15.77,504.84,2024-03,187.45,9.91,2024-03,49.83,1.58,8.51,2,2023-03,0.14,20.5,26.52,"505750,"
United Drilling Tools Ltd.,UNIDT,Engineering - Industrial Equipments,475.5,2,2024-03,32.54,508.04,2024-03,125.69,9.98,2024-03,50.69,,1.88,2,2023-03,0.02,4.22,6.14,"UNIDT,"
Pritika Auto Industries Ltd.,PRITIKAUTO,Engineering,448.84,2,2024-03,149.36,592.98,2024-03,341.83,16.6,2024-03,35.7,,2.12,2,2024-03,0.72,9.3,12.11,"PRITIKAUTO,"
Mahindra EPC Irrigation Ltd.,MAHEPC,Engineering - Industrial Equipments,447.09,2,2024-03,15.42,460.23,2024-03,262.45,2.15,2024-03,267.72,,2.71,2,2024-03,0.09,1.02,2.86,"MAHEPC,"
Sunita Tools Ltd.,544001,Engineering,441.62,1,2024-03,7.84,449.46,2024-03,26.09,4.85,2024-03,91.06,,17.37,1,2023-03,5.24,1354.36,33.24,"544001,"
Innovators Facade Systems Ltd.,541353,Engineering,441.04,1,2024-03,43.16,484.19,2024-03,215.11,15.17,2024-03,29.08,23.5,3.89,2,2023-03,0.3,6.68,9.96,"541353,"
Batliboi Ltd.,522004,Engineering - Industrial Equipments,440.88,2,2024-03,77.13,502.6,2024-03,286.39,9.16,2024-03,48.12,1.95,2.14,2,2023-03,0.54,8.09,8,"522004,"
Modison Ltd.,MODISONLTD,Electric Equipment,437.43,2,2024-03,31.71,467.9,2024-03,404.56,21.36,2024-03,20.48,,2.15,2,2023-03,0.03,6.17,8.91,"MODISONLTD,"
Kaycee Industries Ltd.,504084,Electric Equipment,433.34,1,2024-03,,425.39,2024-03,48.81,4.5,2024-03,96.43,3.84,0.36,1,2023-03,0,19.23,26.7,"504084,"
Energy-Mission Machineries (India) Ltd.,EMMIL,Engineering - Industrial Equipments,427.8,1,2024-03,32.44,460.25,2024-03,126.29,10.97,2024-03,39.01,,6.09,1,2023-03,0.93,40.35,29.79,"EMMIL,"
GG Engineering Ltd.,540614,Electric Equipment,416.72,1,2024-03,2.84,419.57,2024-03,212.1,7.1,2024-03,58.66,,1.82,2,2023-03,0.02,19.32,18.97,"540614,"
Pradeep Metals Ltd.,513532,Engineering - Industrial Equipments,414.48,2,2024-03,72.07,481.35,2024-03,276.67,22.28,2024-03,18.6,0.43,3.64,2,2023-03,0.77,30.93,24.11,"513532,"
Birla Precision Technologies Ltd.,522105,Engineering - Industrial Equipments,395.46,2,2024-03,43.74,414.4,2024-03,225.54,9.43,2024-03,41.92,,2.72,2,2023-03,0.25,11.27,14.86,"522105,"
International Combustion (India) Ltd.,505737,Engineering - Industrial Equipments,388.24,1,2024-03,31.15,413.83,2024-03,296.78,19.96,2024-03,19.46,0.48,3.25,1,2023-03,0.13,8.5,13,"505737,"
RM Drip and Sprinklers System Ltd.,RMDRIP,Engineering - Industrial Equipments,384.94,1,2024-03,5.8,390.74,2024-03,50.27,5.41,2024-03,71.15,,7.61,1,2023-03,0.59,0.23,5.1,"RMDRIP,"
Patels Airtemp (India) Ltd.,517417,Engineering - Industrial Equipments,382.37,1,2024-03,92.65,475.02,2024-03,370.78,14.69,2024-03,26.02,,2.68,2,2023-03,0.74,9.3,12.94,"517417,"
Lakshmi Electrical Control Systems Ltd.,504258,Electric Equipment,379.71,1,2024-03,6.65,375.81,2024-03,337.96,13.96,2024-03,27.2,4.07,1.32,1,2024-03,0.02,5.44,7.37,"504258,"
Anlon Technology Solution Ltd.,ANLON,Engineering,368.91,1,2024-03,3.48,372.4,2024-03,35.02,4.52,2024-03,81.65,1.19,6.75,1,2023-03,0.11,29.44,37.61,"ANLON,"
GEE Ltd.,504028,Electrodes & Welding Equipment,361.24,1,2024-03,81.61,442.12,2024-03,369.14,12.85,2024-03,28.1,1.41,2.75,1,2023-03,0.74,7.51,10.49,"504028,"
South West Pinnacle Exploration Ltd.,SOUTHWEST,Engineering,353.1,2,2024-03,90.71,434.86,2024-03,133.42,7.12,2024-03,42.7,,2.91,2,2023-03,0.55,8.2,10.75,"SOUTHWEST,"
Jasch Gauging Technologies Ltd.,544112,Engineering - Industrial Equipments,340.83,1,2024-03,0.12,272.01,2024-03,29.71,8.8,2024-03,38.74,,4.4,1,2023-03,0,54.98,73.94,"544112,"
S&S Power Switchgear Ltd.,517273,Electric Equipment,339.89,2,2024-03,57.34,387.83,2024-03,159.38,4.32,2024-03,117.77,,3.88,2,2023-03,-6.46,0,18.78,"517273,"
Fluidomat Ltd.,522017,Engineering - Industrial Equipments,335.53,1,2024-03,,334.26,2024-03,55.49,13.05,2024-03,25.71,,5.54,2,2023-03,0,21.26,28.54,"522017,"
Akanksha Power & Infrastructure Ltd.,AKANKSHA,Electric Equipment,333.06,1,2024-03,14.47,347.53,2024-03,53.26,2.66,2024-03,125.16,,5.7,1,2023-03,0.96,20.03,19.32,"AKANKSHA,"
Sona Machinery Ltd.,SONAMAC,Engineering - Industrial Equipments,318.33,1,2024-03,0.97,319.29,2024-03,95.3,10.47,2024-03,30.42,,4.35,1,2023-03,0.22,102.33,111.63,"SONAMAC,"
Alphalogic Industries Ltd.,543937,Engineering - Industrial Equipments,310.77,1,2024-03,1.61,312.38,2024-03,47.54,2.35,2024-03,132.3,,12.07,1,2023-03,0.86,84.54,62.76,"543937,"
Bemco Hydraulics Ltd.,522650,Engineering - Industrial Equipments,310.73,2,2024-03,21.83,324.6,2024-03,84.5,7.94,2024-03,39.13,0.77,5.65,2,2024-03,0.4,15.54,19.71,"522650,"
Konstelec Engineers Ltd.,KONSTELEC,Engineering,308.34,1,2024-03,45.05,353.39,2024-03,215.32,9.24,2024-03,33.38,4.46,3.06,2,2023-03,0.57,13.39,18.04,"KONSTELEC,"
Amba Enterprises Ltd.,539196,Engineering - Industrial Equipments,294.99,1,2024-03,11.67,304.78,2024-03,282.14,6.17,2024-03,47.84,1.73,8.26,1,2023-03,0.13,17.04,20.78,"539196,"
KPT Industries Ltd.,505299,Engineering - Industrial Equipments,291.75,1,2024-03,35.54,324.65,2024-03,151.63,12.06,2024-03,24.19,0.86,5.32,1,2023-03,0.66,21.14,23.23,"505299,"
Nitiraj Engineers Ltd.,NITIRAJ,Engineering - Industrial Equipments,285.59,1,2024-03,,282.71,2024-03,100.44,12.03,2024-03,23.73,,3.59,2,2023-03,0.04,-0.34,0.39,"NITIRAJ,"
Chemtech Industrial Valves Ltd.,537326,Engineering - Industrial Equipments,283.96,1,2024-03,4.85,288.81,2024-03,31.38,4.15,2024-03,68.34,1.26,8.17,1,2023-03,0.9,27,18.13,"537326,"
Gujarat Apollo Industries Ltd.,GUJAPOLLO,Engineering - Industrial Equipments,283.38,2,2024-03,21.67,302.12,2024-03,57.07,11.33,2024-03,25.61,,0.59,2,2023-03,0.05,2.49,2.66,"GUJAPOLLO,"
Brady & Morris Engineering Company Ltd.,505690,Construction Vehicles,283.23,1,2024-03,7.68,289.11,2024-03,75.21,8.41,2024-03,33.66,1.29,12.14,1,2023-03,0.94,40.72,26.3,"505690,"
Aaron Industries Ltd.,AARON,Engineering,279.06,1,2024-03,31.56,308.06,2024-03,63.23,6.33,2024-03,44.09,1.05,7.5,1,2023-03,0.56,29.72,29.88,"AARON,"
Star Delta Transformers Ltd.,539255,Electric Equipment,273.26,1,2024-03,2.01,266.78,2024-03,140.15,11.11,2024-03,24.58,1.14,3.71,1,2023-03,0.04,9.64,13.54,"539255,"
JSL Industries Ltd.,504080,Electric Equipment,272.66,1,2024-03,3.05,275.47,2024-03,51.35,6.16,2024-03,44.26,0.58,7.21,1,2023-03,0.14,11.51,18.29,"504080,"
Storage Technologies & Automation Ltd.,544171,Engineering - Industrial Equipments,269.64,1,2024-03,16.88,286.52,2024-03,88.88,5.81,2024-03,46.4,,,2,2023-03,1.77,10.61,15.39,"544171,"
Veto Switchgears And Cables Ltd.,VETO,Electric Equipment,267.04,2,2024-03,22.08,281.18,2024-03,300.09,18.06,2024-03,14.88,,1.08,2,2023-03,0.18,9.18,13.18,"VETO,"
Shri Bajrang Alliance Ltd.,526981,Engineering - Industrial Equipments,264.87,2,2024-03,59.45,322.81,2024-03,569.92,3.75,2024-03,6.48,0.21,0.89,2,2023-03,0.21,2.36,3.33,"526981,"
Rulka Electricals Ltd.,RULKA,Electric Equipment,261,1,2024-03,11.04,272.04,2024-03,70.98,6.11,2024-03,42.72,,6.62,1,2023-03,0.95,67.26,48.7,"RULKA,"
Tembo Global Industries Ltd.,TEMBO,Engineering - Industrial Equipments,260.9,2,2024-03,49.51,310.41,2024-03,432.08,13.84,2024-03,18.36,,4.86,2,2023-03,1.04,18.05,15.45,"TEMBO,"
Alphageo (India) Ltd.,ALPHAGEO,Engineering,252.97,2,2024-03,,126.2,2024-03,98.67,1.05,2024-03,667.46,,0.91,2,2023-03,0,4.68,6.63,"ALPHAGEO,"
Panasonic Carbon India Company Ltd.,508941,Electrodes & Welding Equipment,247.15,1,2024-03,0,246.23,2024-03,51.31,18.59,2024-03,13.3,1.54,1.58,1,2024-03,0,12.36,16.65,"508941,"
Loyal Equipments Ltd.,539227,Engineering - Industrial Equipments,232.1,1,2024-03,12.22,244.33,2024-03,70.82,7.09,2024-03,32.75,1.33,7.93,1,2023-03,0.54,30.55,22.81,"539227,"
Organic Recycling Systems Ltd.,543997,Engineering,225.01,1,2024-03,31.26,256.27,2024-03,18.13,3.14,2024-03,71.55,4.12,1.4,2,2023-03,2.74,22.15,8.77,"543997,"
Atam Valves Ltd.,ATAM,Engineering - Industrial Equipments,224.67,1,2024-03,12.6,227.08,2024-03,52.6,5.83,2024-03,38.53,0.54,7.37,1,2023-03,0.28,44.95,43.73,"ATAM,"
Shraddha Prime Projects Ltd.,531771,Engineering - Industrial Equipments,222.21,2,2024-03,103.47,325.68,2024-03,83.81,6.57,2024-03,34.01,,4.21,2,2023-03,55.33,0,1.13,"531771,"
DHP India Ltd.,531306,Engineering - Industrial Equipments,219,1,2024-03,5.13,221.54,2024-03,53.22,26.4,2024-03,8.29,0.54,1,1,2024-03,0.02,13.55,15.54,"531306,"
Jyoti Ltd.,504076,Electric Equipment,215.15,2,2024-03,241.75,425.62,2024-03,175.35,8.31,2024-03,25.49,,-3.59,2,2023-03,-3.73,0,2.71,"504076,"
Rungta Irrigation Ltd.,530449,Engineering - Industrial Equipments,211.17,1,2024-03,10.88,222.05,2024-03,148.77,5.65,2024-03,37.38,89.82,2.48,1,2023-03,0.14,4.17,6.57,"530449,"
Sprayking Ltd.,540079,Engineering - Industrial Equipments,206.87,1,2024-03,6.75,213.61,2024-03,31.14,2.69,2024-03,76.9,1.08,7.35,1,2023-03,0.05,10.04,13.82,"540079,"
Shri Balaji Valve Components Ltd.,544074,Engineering - Industrial Equipments,203.59,1,2024-03,30.77,234.36,2024-03,82.56,8.32,2024-03,24.46,,5.74,1,2023-03,3.61,137.06,30.34,"544074,"
Duncan Engineering Ltd.,504908,Engineering - Industrial Equipments,199.92,1,2024-03,0.54,192.12,2024-03,65.1,6.87,2024-03,29.08,1.46,3.79,1,2024-03,0.01,13.84,18.5,"504908,"
Aartech Solonics Ltd.,542580,Electric Equipment,199.62,2,2024-03,4.11,203.73,2024-03,32.74,1.3,2024-03,153.68,,6.76,2,2023-03,0.09,6.62,8.82,"542580,"
Tulive Developers Ltd.,505285,Engineering,199.61,1,2024-03,,199.61,2024-03,0,-0.85,2024-03,0,,4.15,1,2023-03,0,2.61,2.44,"505285,"
Calcom Vision Ltd.,517236,Electric Equipment,197.34,1,2024-03,47.21,238.56,2024-03,160.2,1.32,2024-03,149.5,3.49,4.16,1,2023-03,0.91,18.01,19.97,"517236,"
RTS Power Corporation Ltd.,531215,Electric Equipment,196.57,2,2024-03,28.77,224.59,2024-03,140.46,4.13,2024-03,47.56,1.06,1.39,2,2023-03,0.15,6.73,10.38,"531215,"
Semac Consultants Ltd.,SEMAC,Engineering - Industrial Equipments,191.71,2,2024-03,14.7,164.42,2024-03,127.49,-31.76,2024-03,0,0,2.42,2,2023-03,0,18.52,27.38,"SEMAC,"
BCPL Railway Infrastructure Ltd.,542057,Engineering - Industrial Equipments,180.95,2,2024-03,39.81,213.44,2024-03,87.93,5.36,2024-03,33.27,,2.03,2,2023-03,0.03,9.94,15.27,"542057,"
ATV Projects India Ltd.,500028,Engineering - Industrial Equipments,177.89,1,2024-03,50.6,228.49,2024-03,61.53,6.46,2024-03,27.55,2.17,0.89,1,2023-03,0.28,2.68,2.05,"500028,"
Hindustan Tin Works Ltd.,530315,Engineering - Industrial Equipments,176.9,1,2024-03,82.31,256.6,2024-03,419.35,17.04,2024-03,10.38,0.56,0.87,1,2023-03,0.39,8.97,11.72,"530315,"
Aluwind Architectural Ltd.,ALUWIND,Engineering,175.42,1,2024-03,12.49,187.92,2024-03,83.43,7.54,2024-03,23.25,,2.81,1,2023-03,0.42,17.24,18.35,"ALUWIND,"
Cenlub Industries Ltd.,522251,Engineering - Industrial Equipments,173.65,1,2024-03,4.15,173.85,2024-03,71.52,8.97,2024-03,19.36,1.4,3.11,1,2023-03,0.1,15.19,18.83,"522251,"
DE Neers Tools Ltd.,DENEERS,Engineering - Industrial Equipments,172.04,1,2024-03,58.34,230.38,2024-03,109.8,8.66,2024-03,19.87,,4.71,1,2023-03,1.81,68.89,14.49,"DENEERS,"
GTV Engineering Ltd.,539479,Engineering,168.67,1,2024-03,17.54,186.22,2024-03,120.62,5.41,2024-03,31.2,0.65,4.64,1,2023-03,0.25,14.19,15.23,"539479,"
Rexnord Electronics & Controls Ltd.,531888,Electric Equipment,165.17,2,2024-03,7.09,153.18,2024-03,96.28,7.43,2024-03,22.22,1.08,2.36,2,2023-03,0.12,11.85,16.93,"531888,"
Gujarat Toolroom Ltd.,513337,Engineering,162.51,1,2024-03,,162.51,2024-03,263.15,11.66,2024-03,12.88,0.13,2.39,1,2023-03,0.15,42.96,43.61,"513337,"
Ahlada Engineers Ltd.,AHLADA,Engineering,155.96,1,2024-03,42.92,198.88,2024-03,259.52,13.65,2024-03,11.43,,1.12,1,2023-03,0.26,4.11,8.01,"AHLADA,"
Kundan Edifice Ltd.,KEL,Electric Equipment,151.97,1,2024-03,18.08,170.06,2024-03,84.23,3,2024-03,50.61,,4.56,1,2023-03,1.79,92.57,46.56,"KEL,"
ANI Integrated Services Ltd.,AISL,Engineering,150.94,2,2024-03,24.21,175.15,2024-03,187.5,5.65,2024-03,26.74,,2.85,2,2023-03,0.24,5.77,7.99,"AISL,"
Rishi Laser Ltd.,526861,Engineering - Industrial Equipments,150.67,1,2024-03,10.05,153.36,2024-03,140.11,8.72,2024-03,17.27,0.15,6.21,2,2023-03,0.47,38.96,34.09,"526861,"
ITL Industries Ltd.,522183,Engineering - Industrial Equipments,148.28,2,2024-03,15.71,161.84,2024-03,157.79,9.36,2024-03,16.18,1.86,2.11,2,2023-03,0.25,13.47,16.46,"522183,"
United Van Der Horst Ltd.,522091,Engineering - Industrial Equipments,147.2,1,2024-03,30.75,177.95,2024-03,22.88,1.84,2024-03,80.13,2.1,10.19,1,2023-03,0.76,6.94,8.87,"522091,"
GG Automotive Gears Ltd.,531399,Engineering - Industrial Equipments,146.63,1,2024-03,27.22,171.46,2024-03,95.28,4.43,2024-03,33.09,,4.59,1,2023-03,1.52,9.08,8.18,"531399,"
SKIL Infrastructure Ltd.,SKIL,Engineering,132.33,1,2023-09,1670.86,1803.19,2023-12,0,16.4,2023-12,8.07,0.61,0.2,2,2023-03,10.98,0,56.09,"SKIL,"
Mauria Udyog Ltd.,539219,Engineering - Industrial Equipments,132.13,2,2024-03,191.36,306.51,2024-03,335.1,16.74,2024-03,7.89,,20.34,2,2023-03,51.82,-251.23,11.81,"539219,"
Debock Industries Ltd.,DIL,Engineering,130.03,1,2024-03,,130.03,2024-03,98.26,8.07,2024-03,16.11,0.24,0.6,1,2023-03,0.15,19.27,20.06,"DIL,"
Rollatainers Ltd.,502448,Engineering - Industrial Equipments,124.31,2,2024-03,35.16,158.72,2024-03,1.18,-1.38,2024-03,497.26,33.76,-3.58,2,2023-03,-0.93,0,-327.72,"502448,"
T&I Global Ltd.,522294,Engineering - Industrial Equipments,121.6,1,2024-03,,121.6,2024-03,183.5,9.94,2024-03,12.23,0.78,1.45,1,2023-03,0,12.25,19.07,"522294,"
Bansal Roofing Products Ltd.,538546,Engineering,116.61,1,2024-03,4.38,120.46,2024-03,105.58,3.55,2024-03,32.87,1.17,4.2,1,2023-03,0.27,19,21.26,"538546,"
Nilachal Refractories Ltd.,502294,Refractories,114.02,1,2024-03,14.78,128.8,2024-03,1.29,-6.5,2024-03,0,,-19.26,1,2023-03,74.03,-121.88,-4.32,"502294,"
D&H India Ltd.,517514,Electrodes & Welding Equipment,113.12,2,2024-03,44.29,157.4,2024-03,157.82,2.71,2024-03,41.82,0.49,2.71,2,2023-03,0.57,12.28,14.39,"517514,"
Krishna Ventures Ltd.,504392,Engineering,108.97,1,2024-03,,108.97,2024-03,2.19,-0.47,2024-03,0,0,9.48,1,2023-03,0.01,-0.31,0.56,"504392,"
Sharika Enterprises Ltd.,540786,Engineering,108.94,2,2024-03,9.02,116.68,2024-03,78.42,1.53,2024-03,71.02,,4.32,2,2023-03,0.59,-13.47,-3.6,"540786,"
Aplab Ltd.,517096,Electric Equipment,107.01,1,2024-03,25.97,131.07,2024-03,49.54,0.8,2024-03,133.93,8.09,-9.35,1,2023-03,-2.54,0,14.12,"517096,"
Aztec Fluids & Machinery Ltd.,544177,Engineering - Industrial Equipments,105.54,1,2024-03,6.91,112.45,2024-03,67.68,6.13,2024-03,17.21,,2.29,1,2023-03,0.37,23.6,24.2,"544177,"
Delta Manufacturing Ltd.,DELTAMAGNT,Electric Equipment,104.71,2,2024-03,39.52,143.1,2024-03,83.57,-10.37,2024-03,0,,3.9,2,2023-03,1.07,-36.62,-12.3,"DELTAMAGNT,"
Shetron Ltd.,526137,Engineering - Industrial Equipments,104.44,1,2024-03,60.51,159.43,2024-03,239.88,6.53,2024-03,15.99,0.58,1.83,1,2023-03,1.35,13.03,16.51,"526137,"
Tayo Rolls Ltd.,504961,Engineering - Industrial Equipments,102.27,1,2024-03,399.97,502.24,2024-03,0,-3.3,2024-03,0,0,-0.21,1,2023-03,-0.88,0,0,"504961,"
Trans India House Impex Ltd,523752,Engineering - Industrial Equipments,101.68,1,2024-03,28.2,129.88,2024-03,77.76,2.45,2024-03,41.47,1.08,5.18,1,2023-03,-8.69,0,31.29,"523752,"
Shilp Gravures Ltd.,513709,Engineering - Industrial Equipments,99.26,2,2024-03,3.31,100.37,2024-03,87.48,11.42,2024-03,8.69,0.56,1.02,2,2023-03,0.02,9.35,12.86,"513709,"
Vuenow Infratech Ltd.,531997,Engineering - Industrial Equipments,98.91,1,2024-03,1.21,100.12,2024-03,37.73,5.12,2024-03,19.31,,10.06,1,2023-03,-1.07,0,-438.43,"531997,"
Global Pet Industries Ltd.,GLOBALPET,Engineering - Industrial Equipments,98.41,1,2024-03,,98.41,2024-03,39.15,2.06,2024-03,47.77,,4.4,1,2023-03,0,24.52,33.3,"GLOBALPET,"
Latteys Industries Ltd.,LATTEYS,Compressors / Pumps,97.46,1,2024-03,16.6,114.06,2024-03,63.65,1.64,2024-03,65.14,14.62,5.27,1,2023-03,0.73,8.08,10.88,"LATTEYS,"
Rasi Electrodes Ltd.,531233,Electrodes & Welding Equipment,95.41,1,2024-03,1.3,94.63,2024-03,83.83,3.2,2024-03,29.77,1.03,2.97,1,2023-03,0.11,10.76,13.49,"531233,"
Ameya Precision Engineers Ltd.,AMEYA,Engineering,94.72,1,2024-03,0.06,94.78,2024-03,34.03,2.96,2024-03,31.98,,4.9,1,2023-03,0.04,11.24,13.71,"AMEYA,"
Gujarat Containers Ltd.,513507,Engineering - Industrial Equipments,92.41,1,2024-03,24.61,106.68,2024-03,141.48,9.02,2024-03,10.25,0.18,2.13,1,2024-03,0.56,23.14,22.93,"513507,"
Dhanashree Electronics Ltd.,542679,Electric Equipment,92.23,1,2024-03,62.7,154.8,2024-03,82.42,3.91,2024-03,23.57,13.18,2.25,1,2023-03,1.51,8.1,10.78,"542679,"
Presstonic Engineering Ltd.,PRESSTONIC,Engineering,89.18,1,2024-03,14.15,103.33,2024-03,26.19,2.52,2024-03,35.32,,8.57,1,2023-03,3.33,70.12,29.64,"PRESSTONIC,"
Envair Electrodyne Ltd.,500246,Engineering - Industrial Equipments,88.16,1,2024-03,,82.2,2024-03,0.31,-0.82,2024-03,0,,11.44,1,2023-03,0,110.63,113.42,"500246,"
Alfa Transformers Ltd.,517546,Electric Equipment,85.19,1,2024-03,9.34,91.63,2024-03,50.97,7.63,2024-03,11.16,0.59,9.55,1,2023-03,5.94,206.54,27.98,"517546,"
Marshall Machines Ltd.,MARSHALL,Engineering - Industrial Equipments,81.14,1,2024-03,38.41,119.55,2024-03,27.96,-5.4,2024-03,0,,1.07,1,2023-03,1.14,-16.14,-5.59,"MARSHALL,"
Vruddhi Engineering Works Ltd.,544157,Engineering,78.26,1,2024-03,2.9,81.15,2024-03,21.82,0.57,2024-03,136.57,,9.09,1,2023-03,2.59,112.06,38.98,"544157,"
Mehai Technology Ltd.,540730,Electric Equipment,77.75,1,2024-03,3.95,81.33,2024-03,15.99,0.66,2024-03,118.16,3.1,1.35,1,2023-03,0.11,3.89,6.6,"540730,"
Modulex Construction Technologies Ltd.,504273,Electric Equipment,76.61,1,2023-09,4.89,81.5,2023-12,0,-1.48,2023-12,0,,0.22,2,2023-03,0.07,-3.46,-2.2,"504273,"
Godha Cabcon & Insulation Ltd.,GODHA,Engineering - Industrial Equipments,73.95,1,2024-03,1.91,75.22,2024-03,16.76,0.51,2024-03,145.29,,1.08,1,2023-03,0.11,-5.73,-5.07,"GODHA,"
Manugraph India Ltd.,MANUGRAPH,Engineering - Industrial Equipments,70.44,1,2024-03,17.64,87.65,2024-03,65.76,-19.86,2024-03,0,,0.84,2,2023-03,0.11,-10.28,-6.41,"MANUGRAPH,"
Hindustan Appliances Ltd.,531918,Electric Equipment,65.69,2,2024-03,35.83,101.52,2024-03,0,0.13,2024-03,497.65,,4.53,2,2023-03,2.5,-0.35,-0.1,"531918,"
Cranex Ltd.,522001,Engineering - Industrial Equipments,63.3,2,2024-03,27.07,88.9,2024-03,62.11,1.52,2024-03,42.26,166.65,5.86,2,2023-03,2.59,6.11,7.22,"522001,"
Advance Metering Technology Ltd.,534612,Engineering - Industrial Equipments,63.03,2,2024-03,8.7,56.56,2024-03,16.52,-2.01,2024-03,0,0,0.64,2,2023-03,0.05,5.58,6.28,"534612,"
Rapicut Carbides Ltd.,500360,Engineering - Industrial Equipments,62.31,1,2024-03,1.25,63.34,2024-03,60.16,0.49,2024-03,127.42,,2.87,1,2023-03,0.16,-6.16,-3.37,"500360,"
Hawa Engineers Ltd.,539176,Engineering - Industrial Equipments,59.95,1,2024-03,19.14,79.09,2024-03,119.64,1.8,2024-03,33.34,,3.39,1,2023-03,1.06,4.34,11.5,"539176,"
Associated Ceramics Ltd.,531168,Refractories,58.57,1,2024-03,7.03,60.94,2024-03,40.55,0.86,2024-03,68.42,2.14,2.76,1,2023-03,0.21,17.72,20.36,"531168,"
Perfect Infraengineers Ltd.,PERFECT,Engineering,57.82,1,2024-03,7.79,65.61,2024-03,5.89,0.82,2024-03,70.52,6.9,1.76,1,2023-03,0.48,2.84,1.3,"PERFECT,"
Ishan International Ltd.,ISHAN,Engineering,54.06,1,2023-09,5.29,59.34,2024-03,30.13,0.57,2024-03,94.34,,1.41,2,2023-03,0.2,3.45,6.15,"ISHAN,"
Solitaire Machine Tools Ltd.,522152,Engineering - Industrial Equipments,51.33,1,2024-03,2.03,52.47,2024-03,20.86,1.8,2024-03,28.45,4.18,2.84,1,2024-03,0.11,10.29,13.58,"522152,"
G.G. Dandekar Properties Ltd.,505250,Engineering - Industrial Equipments,51.11,2,2024-03,4.37,49.33,2024-03,2.96,-4.52,2024-03,0,,1.04,2,2023-03,0.09,-2.56,-1.05,"505250,"
Acrow India Ltd.,513149,Engineering - Industrial Equipments,50.17,1,2024-03,,50.17,2024-03,0,1.02,2024-03,49,0.88,2.16,1,2023-03,0,0.08,-0.23,"513149,"
Cospower Engineering Ltd.,543172,Electric Equipment,47.71,1,2024-03,19.57,67.28,2024-03,22.29,0.12,2024-03,414.85,,6.71,1,2023-03,2.47,2.97,4.76,"543172,"
Arigato Universe Ltd.,530267,Engineering - Industrial Equipments,46.93,1,2024-03,,46.93,2024-03,1.71,0.23,2024-03,198.01,9.99,4.52,1,2023-03,0,0.44,0.54,"530267,"
SP Refractories Ltd.,SPRL,Refractories,46.72,1,2024-03,4.67,51.39,2024-03,28.81,1.56,2024-03,29.99,,5.23,1,2023-03,0.61,7.13,8.95,"SPRL,"
Maks Energy Solutions India Ltd.,MAKS,Electric Equipment,45.08,1,2024-03,15.48,60.56,2024-03,66.26,0.28,2024-03,160.41,,2.81,1,2023-03,0.8,2.57,8.14,"MAKS,"
Integra Switchgear Ltd.,517423,Electric Equipment,44.87,1,2024-03,,44.87,2024-03,0,-0.25,2024-03,0,0,25.6,1,2023-03,0.01,113.33,79.78,"517423,"
Rolcon Engineering Company Ltd.,505807,Engineering - Industrial Equipments,43.24,2,2024-03,0.78,36.07,2024-03,51.5,2.7,2024-03,14.87,,2.04,2,2023-03,0.01,19.3,27.93,"505807,"
Sparc Electrex Ltd.,531370,Electric Equipment,38.92,1,2024-03,1,39.91,2024-03,7.39,0.1,2024-03,397.11,3.7,1.21,1,2023-03,0.59,18.22,12.52,"531370,"
Adarsh Plant Protect Ltd.,526711,Engineering - Industrial Equipments,37.9,1,2024-03,4.52,42.42,2024-03,18.65,0.49,2024-03,77.99,4.82,25.92,1,2023-03,5.15,15.37,5.54,"526711,"
Polymechplast Machines Ltd.,526043,Engineering - Industrial Equipments,35.21,2,2024-03,1.05,33.1,2024-03,59.04,0.85,2024-03,48.76,,1.39,2,2023-03,0.17,6.28,8.62,"526043,"
Iykot Hitech Toolroom Ltd.,522245,Engineering - Industrial Equipments,33.93,1,2024-03,1.79,35.72,2024-03,1.43,-1.99,2024-03,0,,3.05,1,2023-03,0,-30.15,-30.15,"522245,"
Tarini International Ltd.,538496,Engineering,33.52,1,2024-03,6.07,39.59,2024-03,2.18,-1.24,2024-03,0,0,1.08,2,2023-03,0.44,-1.52,-0.65,"538496,"
Miven Machine Tools Ltd.,522036,Engineering - Industrial Equipments,31.55,1,2024-03,2.25,33.77,2024-03,1.44,-0.28,2024-03,0,0,-6.43,1,2023-03,-0.48,0,0,"522036,"
Arrowhead Seperation Engineering Ltd.,544025,Engineering - Industrial Equipments,30.69,1,2024-03,1.79,32.48,2024-03,24.76,2.04,2024-03,15.07,,1.9,1,2023-03,3.3,104.65,36.92,"544025,"
Lerthai Finance Ltd.,502250,Refractories,28.81,1,2024-03,,21.56,2024-03,0,0.76,2024-03,37.86,0.7,2.84,1,2023-03,0,7.63,9.46,"502250,"
SBEC Systems (India) Ltd.,517360,Engineering,27.97,2,2024-03,16.74,44.67,2024-03,3.18,1.33,2024-03,21.05,1.37,-1.91,2,2023-03,-1.06,0,358.6,"517360,"
Harshil Agrotech Ltd.,505336,Engineering - Industrial Equipments,27.9,1,2024-03,0.68,28.57,2024-03,12.93,0.8,2024-03,34.74,1.04,2.44,1,2023-03,0.71,222.17,85.72,"505336,"
Tarapur Transformers Ltd.,533203,Electric Equipment,26.54,1,2024-03,,25.96,2024-03,0.16,-1.25,2024-03,0,,-1.69,1,2023-03,-2.44,0,-69.89,"533203,"
Misquita Engineering Ltd.,542801,Engineering - Industrial Equipments,25.14,1,2024-03,0.56,25.71,2024-03,10.07,-0.29,2024-03,0,0,2.63,1,2023-03,0.26,7.51,9.65,"542801,"
Jainex Aamcol Ltd.,505212,Engineering - Industrial Equipments,24.09,1,2024-03,4.19,28.08,2024-03,20.95,0.52,2024-03,46.33,0.41,3.53,1,2023-03,0.69,21.74,20.54,"505212,"
Trans Freight Containers Ltd.,513063,Engineering - Industrial Equipments,23.67,1,2024-03,,23.67,2024-03,0,1.07,2024-03,22.08,0.18,0.62,1,2023-03,0,17.2,20,"513063,"
Bright Solar Ltd.,BRIGHT,Compressors / Pumps,20.87,1,2024-03,0.63,21.5,2024-03,9.54,-6,2024-03,0,,0.59,1,2023-03,0.06,0.18,0.32,"BRIGHT,"
Sterling Powergensys Ltd.,513575,Engineering - Industrial Equipments,18.37,1,2024-03,2.42,20.8,2024-03,6.88,2.84,2024-03,6.48,,88.84,1,2023-03,-2.01,0,-17.25,"513575,"
Raasi Refractories Ltd.,502271,Refractories,16.35,1,2024-03,29.38,43.74,2024-03,40.33,0.29,2024-03,55.22,11.8,-1.23,1,2023-03,-1.98,0,14.68,"502271,"
Premier Ltd.,PREMIER,Engineering - Industrial Equipments,14.55,2,2024-03,167.11,166.01,2024-03,0,-10.4,2024-03,0,0,-0.04,2,2023-03,-0.52,0,0,"PREMIER,"
Yashraj Containeurs Ltd.,530063,Engineering - Industrial Equipments,14.43,1,2024-03,77.33,91.67,2024-03,1.97,-5.85,2024-03,0,0,-0.17,1,2023-03,-0.91,0,0,"530063,"
Epic Energy Ltd.,530407,Electric Equipment,12.28,1,2024-03,,12.15,2024-03,3.08,0.36,2024-03,34.11,5.09,1.83,1,2023-03,0,-6.56,-7.22,"530407,"
Lippi Systems Ltd.,526604,Engineering,12.17,1,2024-03,0.81,12.91,2024-03,0,-0.86,2024-03,0,,0.56,1,2023-03,0.01,-6.86,-9.11,"526604,"
Shivagrico Implements Ltd.,522237,Engineering,10.95,1,2024-03,19.17,28.56,2024-03,43.6,0.07,2024-03,154.29,8.4,1.48,1,2023-03,2.33,1.4,4.74,"522237,"
Shri Ram Switchgears Ltd.,SRIRAM,Electric Equipment,10.11,1,2023-09,63.01,73.12,2023-03,2.72,-3.87,2023-03,0,,-0.58,1,2023-03,-2.96,0,-3.76,"SRIRAM,"
BKM Industries Ltd.,BKMINDST,Engineering - Industrial Equipments,10.09,2,2024-03,,10.09,2024-03,0.92,-2.05,2024-03,0,,0.09,1,2020-03,5.07,-71.49,-16.31,"BKMINDST,"
Hittco Tools Ltd.,531661,Engineering - Industrial Equipments,8.48,1,2024-03,3.94,12.42,2024-03,5.97,0.19,2024-03,45.12,1.75,2.57,1,2023-03,1.21,23.24,11.61,"531661,"
Incon Engineers Ltd.,531594,Engineering - Industrial Equipments,7.42,1,2024-03,0.52,7.94,2024-03,0,-0.47,2024-03,0,,-5.61,1,2023-03,0.21,0,-46.21,"531594,"
Scan Projects Ltd.,531797,Engineering,5.87,1,2024-03,0.02,5.89,2024-03,7.99,0.06,2024-03,106.8,,3.72,1,2023-03,0.02,2.22,3.56,"531797,"
Starlite Components Ltd.,517548,Electric Equipment,4.86,1,2024-03,1.6,6.19,2024-03,4.11,11.26,2024-03,0.47,,9.47,1,2023-03,-0.44,0,0,"517548,"
Max Alert Systems Ltd.,534563,Engineering,4.09,1,2024-03,,4.09,2024-03,0,-0.82,2023-03,0,0,-0.67,1,2023-03,-0.31,0,0,"534563,"
Ema India Ltd.,522027,Engineering - Industrial Equipments,3.96,1,2024-03,1.2,5.16,2024-03,0,-0.52,2024-03,0,,-3.5,1,2023-03,-1.35,0,-180.06,"522027,"
TMT (India) Ltd.,522171,Engineering,1.95,1,2024-03,6.5,8.44,2024-03,0.04,-0.34,2024-03,0,,-0.33,1,2023-03,-1.1,0,-143.42,"522171,"
MPF Systems Ltd.,532470,Engineering - Industrial Equipments,1,1,2024-03,1.22,2.22,2024-03,0.07,-0.04,2024-03,0,0,-0.8,1,2023-03,-1,0,0,"532470,"
Silveroak Commercials Ltd.,512197,Electric Equipment,0.98,1,2020-03,12.08,13.06,2020-03,0,-0.8,2020-03,0,,,1,2019-03,-1.99,-3549.96,-77.21,"512197,"
Procal Electronics India Ltd.,526009,Engineering - Industrial Equipments,0.22,1,2024-03,10.1,10.32,2024-03,0,-0.05,2024-03,0,0,-0.04,1,2023-03,-1.88,0,-1.14,"526009,"
