Sector: Finance,
Date: 05-Jul-2024,
Note:- Statement: 1 = Standalone and 2 = Consolidated,
Generated by and for: sangram.dash.mobile@gmail.com,

Stock Name,Symbol,Industry,Market Cap(Rs. Cr.),TTM Statement,TTM Ending (Results),Profit After Tax(Rs. Cr.),TTM Ending (Valuation),Price Earning Ratio(TTM),"PEG Ratio ",Price To Book Value(TTM),Statement,Year Ending,Debt Equity Ratio,Return On Equity(%),Return On Capital Employed(%),Symbol with Comma for External Upload
Life Insurance Corporation of India,LICI,Insurance,637433.27,2,2024-03,36844.36,2024-03,15.58,,7.69,2,2023-03,0,124.33,124.62,"LICI,"
Bajaj Finance Ltd.,BAJFINANCE,Finance - NBFC,442658.27,2,2024-03,14443.53,2024-03,30.63,1.04,5.85,2,2024-03,3.88,22.32,11.92,"BAJFINANCE,"
Bajaj Finserv Ltd.,BAJAJFINSV,Finance - Investment,252089,2,2024-03,15587.27,2024-03,30.94,1.52,4.22,2,2024-03,4.82,29.52,13.2,"BAJAJFINSV,"
Indian Railway Finance Corporation Ltd.,IRFC,Finance Term Lending,241179.28,1,2024-03,6427.99,2024-03,37.61,1.46,5.07,1,2023-03,9.21,14.66,5.32,"IRFC,"
JIO Financial Services Ltd.,JIOFIN,Finance - NBFC,222364.95,2,2024-03,1176.03,2024-03,138.58,,1.6,2,2023-03,0.01,0.06,0.08,"JIOFIN,"
Power Finance Corporation Ltd.,PFC,Finance Term Lending,176555.44,2,2024-03,26461.36,2024-03,8.93,0.47,1.75,2,2023-03,8.75,27.18,9.56,"PFC,"
REC Ltd.,RECLTD,Finance Term Lending,152805.99,2,2024-03,14145.46,2024-03,10.8,0.53,2.2,2,2023-03,6.55,20.62,9.14,"RECLTD,"
SBI Life Insurance Company Ltd.,SBILIFE,Insurance,152465.04,1,2024-03,1893.78,2024-03,80.51,9.6,10.47,1,2023-03,0,14.14,14.45,"SBILIFE,"
HDFC Life Insurance Company Ltd.,HDFCLIFE,Insurance,130499.92,2,2024-03,1574.1,2024-03,,,9.18,2,2024-03,0.07,11.58,10.79,"HDFCLIFE,"
Cholamandalam Investment and Finance Company Ltd.,CHOLAFIN,Finance - NBFC,118608.45,2,2024-03,3410.74,2024-03,34.68,1.46,6.05,2,2023-03,6.83,20.61,9.72,"CHOLAFIN,"
Bajaj Holdings & Investment Ltd.,BAJAJHLDNG,Finance - NBFC,107364.29,2,2024-03,1409.61,2024-03,14.77,0.78,1.98,2,2024-03,0,14.96,15.23,"BAJAJHLDNG,"
Shriram Finance Ltd.,SHRIRAMFIN,Finance - NBFC,107040.83,2,2024-03,7391.11,2024-03,14.53,0.73,2.19,2,2023-03,3.79,17.32,12.18,"SHRIRAMFIN,"
ICICI Prudential Life Insurance Company Ltd.,ICICIPRULI,Insurance,92123.71,2,2024-03,850.66,2024-03,,,8.64,2,2024-03,0.11,8.34,8.08,"ICICIPRULI,"
ICICI Lombard General Insurance Company Ltd.,ICICIGI,Insurance,91006.65,1,2024-03,1918.59,2024-03,47.75,3.72,7.66,1,2024-03,0,17.17,22.79,"ICICIGI,"
HDFC Asset Management Company Ltd.,HDFCAMC,Finance - Asset Management,89980.71,2,2024-03,1942.69,2024-03,46.32,,13.01,2,2024-03,0,30.09,37.69,"HDFCAMC,"
Muthoot Finance Ltd.,MUTHOOTFIN,Finance - NBFC,72588.69,2,2024-03,4467.59,2024-03,16.79,1.15,2.89,2,2023-03,2.58,18.15,12.13,"MUTHOOTFIN,"
General Insurance Corporation of India,GICRE,Insurance,70263.72,2,2024-03,6508.14,2024-03,10.51,0.62,1.68,2,2023-03,0,21.31,25.8,"GICRE,"
SBI Cards And Payment Services Ltd.,SBICARD,Finance - NBFC,68257.04,1,2024-03,2407.74,2024-03,28.35,1.25,5.69,1,2024-03,3.3,22.03,14.09,"SBICARD,"
Housing & Urban Development Corporation Ltd.,HUDCO,Finance - Housing,65952.6,2,2024-03,2116.74,2024-03,31.16,2.83,3.97,2,2023-03,4.07,11.38,8.81,"HUDCO,"
Aditya Birla Capital Ltd.,ABCAPITAL,Finance - NBFC,61955.48,2,2024-03,3134.98,2024-03,18.58,0.39,2.31,2,2023-03,4.2,27.27,11.64,"ABCAPITAL,"
Indian Renewable Energy Development Agency Ltd.,IREDA,Finance - NBFC,59923.71,1,2024-03,1252.23,2024-03,47.85,1.54,6.98,1,2024-03,5.8,17.28,9.29,"IREDA,"
Sundaram Finance Ltd.,SUNDARMFIN,Finance - NBFC,51001.67,2,2024-03,1422.42,2024-03,35.52,2.83,4.6,2,2023-03,4.31,13.6,8.42,"SUNDARMFIN,"
L&T Finance Ltd.,LTF,Finance - NBFC,46958.37,2,2024-03,2317.13,2024-03,20.24,24.42,2.01,2,2024-03,3.28,10.36,8.24,"LTF,"
The New India Assurance Company Ltd.,NIACL,Insurance,44158.16,2,2024-03,1091.12,2024-03,39.55,,2.02,2,2023-03,0,5.27,6.25,"NIACL,"
LIC Housing Finance Ltd.,LICHSGFIN,Finance - Housing,43438.48,2,2024-03,4759.56,2024-03,9.12,1.22,1.38,2,2023-03,9,11.13,7.57,"LICHSGFIN,"
Nippon Life India Asset Management Ltd.,NAM-INDIA,Finance - Asset Management,41326.81,2,2024-03,1106.25,2024-03,37.32,2.09,10.68,2,2024-03,0,30.48,36.24,"NAM-INDIA,"
Mahindra & Mahindra Financial Services Ltd.,M&MFIN,Finance - NBFC,37232.69,2,2024-03,1886.94,2024-03,19.26,17.08,1.87,2,2024-03,4.94,10.11,8.75,"M&MFIN,"
360 One Wam Ltd.,360ONE,Finance - Others,34976.73,2,2024-03,804.21,2024-03,43.49,2.63,10.51,2,2024-03,2.83,25.3,14.54,"360ONE,"
Max Financial Services Ltd.,MFSL,Finance - Others,34666.78,2,2024-03,392.58,2024-03,101.94,17.78,8.97,2,2023-03,0.15,12.13,13.76,"MFSL,"
Star Health and Allied Insurance Company Ltd.,STARHEALTH,Insurance,33927.31,1,2024-03,845.02,2024-03,40.15,1.36,5.34,1,2023-03,0.09,12.42,14.83,"STARHEALTH,"
Motilal Oswal Financial Services Ltd.,MOTILALOFS,Finance - Stock Broking,33103.08,2,2024-03,2445.61,2024-03,13.56,1.61,3.77,2,2023-03,1.67,15.86,12.97,"MOTILALOFS,"
Tata Investment Corporation Ltd.,TATAINVEST,Finance - NBFC,33080.72,2,2024-03,320.32,2024-03,85.93,3.65,1.1,2,2024-03,0,1.55,1.67,"TATAINVEST,"
BSE Ltd.,BSE,Finance - Others,32524.85,2,2024-03,699.84,2024-03,41.78,,9.85,2,2023-03,0,6.09,9.89,"BSE,"
Poonawalla Fincorp Ltd.,POONAWALLA,Finance - NBFC,32449,2,2024-03,1651.51,2024-03,19.28,0.83,4,2,2024-03,1.86,22.25,14.96,"POONAWALLA,"
Go Digit General Insurance Ltd.,GODIGIT,Insurance,31799.41,1,2024-03,181.68,2024-03,175.03,8.67,6.22,1,2023-03,0,1.67,1.67,"GODIGIT,"
Cholamandalam Financial Holdings Ltd.,CHOLAHLDNG,Finance - Investment,27605.16,2,2024-03,3838.48,2024-03,15.57,0.84,2.7,2,2023-03,12.82,40.34,10.64,"CHOLAHLDNG,"
ICICI Securities Ltd.,ISEC,Finance - Stock Broking,25273.73,2,2024-03,1696.69,2024-03,14.9,0.99,6.44,2,2023-03,3.32,42.93,18.25,"ISEC,"
Central Depository Services (India) Ltd.,CDSL,Depository Services,24272.22,2,2024-03,420.64,2024-03,57.91,2.66,16.59,2,2023-03,0,23.93,31.67,"CDSL,"
Five-Star Business Finance Ltd.,FIVESTAR,Finance - NBFC,23462.68,1,2024-03,835.92,2024-03,28.07,0.45,4.51,1,2023-03,0.99,15.17,14.44,"FIVESTAR,"
IIFL Finance Ltd.,IIFL,Finance - Investment,22195.79,2,2024-03,1974.2,2024-03,12.59,0.93,1.86,2,2023-03,4.41,20.83,11.8,"IIFL,"
CreditAccess Grameen Ltd.,CREDITACC,Finance - NBFC,21223.29,2,2024-03,1445.92,2024-03,14.68,,3.23,2,2023-03,3.21,17.87,12.06,"CREDITACC,"
Angel One Ltd.,ANGELONE,Finance - Stock Broking,21215.74,2,2024-03,1125.55,2024-03,18.85,0.36,4.67,2,2023-03,0.37,48.45,44.3,"ANGELONE,"
Piramal Enterprises Ltd.,PEL,Finance - NBFC,20967.17,2,2024-03,-1837.26,2024-03,0,,0.79,2,2024-03,2.02,-5.85,1.4,"PEL,"
PNB Housing Finance Ltd.,PNBHOUSING,Finance - Housing,20770.47,2,2024-03,1508.01,2024-03,13.77,3.09,1.39,2,2023-03,4.89,10.07,8.25,"PNBHOUSING,"
Multi Commodity Exchange Of India Ltd.,MCX,Finance - Stock Broking,20357.53,2,2024-03,84.63,2024-03,244.95,37.27,14.77,2,2023-03,0,7.42,9.51,"MCX,"
IDFC Ltd.,IDFC,Finance - NBFC,19463.81,2,2024-03,32.39,2024-03,18.62,0.5,1.45,2,2023-03,0,6.56,10.38,"IDFC,"
Authum Investment & Infrastructure Ltd.,AIIL,Finance - Investment,19420.94,2,2024-03,4284.82,2024-03,4.53,,1.88,2,2023-03,0.5,125.98,90.46,"AIIL,"
Aadhar Housing Finance Ltd.,AADHARHFC,Finance - Housing,18809.47,2,2024-03,749.64,2024-03,25.09,0.66,2.55,2,2023-03,3.31,16,10.08,"AADHARHFC,"
Computer Age Management Services Ltd.,CAMS,Depository Services,18770.01,2,2024-03,350.98,2024-03,53.08,2.49,21.81,2,2024-03,0,44.15,56.01,"CAMS,"
Aditya Birla Sun Life AMC Ltd.,ABSLAMC,Finance - Asset Management,18739.45,2,2024-03,780.38,2024-03,24.01,2.12,5.91,2,2023-03,0,26,33.86,"ABSLAMC,"
Manappuram Finance Ltd.,MANAPPURAM,Finance - NBFC,17808.99,2,2024-03,2197.47,2024-03,8.14,0.47,1.54,2,2023-03,2.96,16.68,11.98,"MANAPPURAM,"
Capri Global Capital Ltd.,CGCL,Finance - Investment,17612.47,2,2024-03,279.41,2024-03,63.04,2.45,4.59,2,2023-03,2.12,7.51,8.99,"CGCL,"
Aptus Value Housing Finance India Ltd.,APTUS,Finance - Housing,17067.41,2,2024-03,611.89,2024-03,27.89,0.56,4.53,2,2023-03,1.14,16.11,14.58,"APTUS,"
Nuvama Wealth Management Ltd.,NUVAMA,Finance - Others,16985.84,2,2024-03,622.7,2024-03,27.16,2.02,5.93,1,2022-03,-3.31,0,12.81,"NUVAMA,"
Anand Rathi Wealth Ltd.,ANANDRATHI,Finance - Others,16144.48,2,2024-03,225.82,2024-03,71.76,2.34,33.49,2,2024-03,0.01,40.7,54.64,"ANANDRATHI,"
IFCI Ltd.,IFCI,Finance Term Lending,15955.97,2,2024-03,240.04,2024-03,153.94,,3.1,2,2023-03,1.79,-3.87,6.78,"IFCI,"
Aavas Financiers Ltd.,AAVAS,Finance - Housing,14162.84,2,2024-03,490.69,2024-03,28.86,0.81,3.75,2,2023-03,3.05,14.32,9.56,"AAVAS,"
UTI Asset Management Company Ltd.,UTIAMC,Finance - Asset Management,13313.46,2,2024-03,802.03,2024-03,17.39,1.05,3.09,2,2024-03,0,19.79,24.18,"UTIAMC,"
KFin Technologies Ltd.,KFINTECH,Depository Services,13040.87,2,2024-03,248.46,2024-03,53,,11.43,2,2023-03,0.15,26.31,30.44,"KFINTECH,"
Sammaan Capital Ltd.,IBULHSGFIN,Finance - Housing,12841.07,2,2024-03,1216.98,2024-03,10.57,,0.65,2,2023-03,3.05,6.7,9.8,"IBULHSGFIN,"
Can Fin Homes Ltd.,CANFINHOME,Finance - Housing,11776.82,1,2024-03,750.7,2024-03,15.69,0.94,2.71,1,2023-03,7.97,18.51,8.36,"CANFINHOME,"
Bengal & Assam Company Ltd.,533095,Finance - NBFC,9668.36,2,2024-03,3467.15,2024-03,2.48,0.07,1.07,2,2023-03,0.94,9,11.12,"533095,"
Kama Holdings Ltd.,532468,Finance - Investment,9460.78,2,2024-03,1538.75,2024-03,10.83,0.28,1.43,2,2023-03,0.76,44.09,34.7,"532468,"
Home First Finance Company India Ltd.,HOMEFIRST,Finance - Housing,9376.07,1,2024-03,305.72,2024-03,30.67,0.66,4.43,1,2024-03,3.51,15.78,11.25,"HOMEFIRST,"
SBFC Finance Ltd.,SBFC,Finance - Others,8926.73,2,2024-03,237.1,2024-03,37.65,,3.24,2,2024-03,1.45,10.67,10.93,"SBFC,"
JM Financial Ltd.,JMFINANCIL,Finance - Investment,8917.05,2,2024-03,27.52,2024-03,21.76,,1.06,2,2023-03,1.96,8.98,9.44,"JMFINANCIL,"
Religare Enterprises Ltd.,RELIGARE,Finance - Investment,8088.93,2,2024-03,347.41,2024-03,34.73,2.78,3.45,2,2023-03,0.35,592.99,117.45,"RELIGARE,"
JSW Holdings Ltd.,JSWHL,Finance - Investment,8043.45,2,2024-03,118.65,2024-03,51.71,5.6,0.32,2,2024-03,0,0.53,0.7,"JSWHL,"
Prudent Corporate Advisory Services Ltd.,PRUDENT,Finance - Others,8041.38,2,2024-03,138.75,2024-03,57.96,,16.71,2,2023-03,0,39.72,54.08,"PRUDENT,"
India Shelter Finance Corporation Ltd.,INDIASHLTR,Finance - Housing,7930.29,2,2024-03,247.6,2024-03,32.03,,3.47,2,2024-03,1.5,14.12,12.31,"INDIASHLTR,"
Choice International Ltd.,CHOICEIN,Finance - Stock Broking,7800.7,2,2024-03,130.86,2024-03,59.61,1.6,13.23,2,2023-03,0.48,15.08,16.93,"CHOICEIN,"
Paisalo Digital Ltd.,PAISALO,Finance - NBFC,6627.56,2,2024-03,178.97,2024-03,37.03,3.31,4.99,2,2023-03,1.83,8.66,11.22,"PAISALO,"
IIFL Securities Ltd.,IIFLSEC,Finance - Investment,6279.66,2,2024-03,513.35,2024-03,12.26,1.82,3.52,2,2023-03,0.36,19.87,23.04,"IIFLSEC,"
Edelweiss Financial Services Ltd.,EDELWEISS,Finance - NBFC,6143.29,2,2024-03,528.04,2024-03,14.6,,1.29,2,2023-03,3.26,6.17,10.25,"EDELWEISS,"
Share India Securities Ltd.,SHAREINDIA,Finance - Stock Broking,6111.76,2,2024-03,425.76,2024-03,14.37,0.17,3.29,2,2023-03,0.24,53.05,53.88,"SHAREINDIA,"
Sundaram Finance Holdings Ltd.,SUNDARMHLD,Finance - Investment,5980.15,2,2024-03,192.14,2024-03,11.22,0.36,1.25,2,2024-03,0,4.6,5.88,"SUNDARMHLD,"
Pilani Investment And Industries Corporation Ltd.,PILANIINVS,Finance - Investment,5724.08,2,2024-03,149.73,2024-03,34.39,2.76,0.39,2,2023-03,0.07,1.4,2.26,"PILANIINVS,"
MAS Financial Services Ltd.,MASFIN,Finance Term Lending,5373.74,2,2024-03,254.01,2024-03,21.41,1.5,2.35,2,2023-03,4.03,14.35,11.45,"MASFIN,"
Spandana Sphoorty Financial Ltd.,SPANDANA,Finance - NBFC,5259.47,2,2024-03,500.73,2024-03,10.51,,1.44,2,2023-03,1.99,0.41,5.96,"SPANDANA,"
Fedbank Financial Services Ltd,FEDFINA,Finance - NBFC,4677.49,1,2024-03,244.7,2024-03,19.12,0.43,2.06,1,2023-03,5.32,14.49,9.76,"FEDFINA,"
Fusion Micro Finance Ltd.,FUSION,Finance - NBFC,4596.59,1,2024-03,505.29,2024-03,9.1,0.14,1.61,1,2023-03,2.93,21.27,14.34,"FUSION,"
Muthoot Microfin Ltd.,MUTHOOTMF,Finance - NBFC,4108.86,1,2024-03,449.58,2024-03,9.14,0.52,1.47,1,2024-03,3,20.5,15.2,"MUTHOOTMF,"
Dhani Services Ltd.,DHANI,Finance - Stock Broking,3493.53,2,2024-03,-373.94,2024-03,0,,1.01,2,2023-03,0.25,-10.97,-5.59,"DHANI,"
Repco Home Finance Ltd.,REPCOHOME,Finance - Housing,3472.16,2,2024-03,394.7,2024-03,8.34,0.98,1.16,2,2023-03,3.83,12.14,9,"REPCOHOME,"
Indostar Capital Finance Ltd.,INDOSTAR,Finance - NBFC,3415.59,2,2024-03,115.83,2024-03,29.49,12.47,1.06,2,2023-03,1.83,7.57,9.14,"INDOSTAR,"
Sindhu Trade Links Ltd.,SINDHUTRAD,Finance - NBFC,3205.67,2,2024-03,70.78,2024-03,45.3,,2.14,2,2023-03,1.23,-0.28,6.25,"SINDHUTRAD,"
PTC India Financial Services Ltd.,PFS,Finance - NBFC,3144.62,2,2024-03,160.75,2024-03,19.56,0.65,1.24,2,2023-03,2.1,7.47,7.85,"PFS,"
Kalyani Investment Company Ltd.,KICL,Finance - Investment,2800.21,2,2024-03,48.23,2024-03,39.97,14.62,0.34,2,2023-03,0,1.04,1.38,"KICL,"
Ugro Capital Ltd.,UGROCAP,Finance - NBFC,2562.43,1,2024-03,119.34,2024-03,21.47,0.32,1.78,1,2023-03,3.22,4.1,10.93,"UGROCAP,"
Rane Holdings Ltd.,RANEHOLDIN,Finance - Investment,2550.02,2,2024-03,92.14,2024-03,20.6,,2.81,2,2023-03,1.06,11.02,11.68,"RANEHOLDIN,"
BF Investment Ltd.,BFINVEST,Finance - Investment,2538.04,2,2024-03,-109.03,2024-03,5.85,0.69,0.41,2,2023-03,0,5.94,7.88,"BFINVEST,"
Abans Holdings Ltd.,AHL,Finance - NBFC,2463.17,2,2024-03,89.24,2024-03,30.13,1.51,2.65,2,2023-03,0.53,9.64,8.63,"AHL,"
Satin Creditcare Network Ltd.,SATIN,Finance Term Lending,2435.33,2,2024-03,435.94,2024-03,5.59,,1.01,2,2023-03,3.7,0.31,8.37,"SATIN,"
PNB Gilts Ltd.,PNBGILTS,Finance - NBFC,2382.43,1,2024-03,69.41,2024-03,34.32,,1.79,1,2023-03,15.27,-5.75,4.89,"PNBGILTS,"
Geojit Financial Services Ltd.,GEOJITFSL,Finance - Stock Broking,2357.96,2,2024-03,143.22,2024-03,16.28,0.45,2.84,2,2024-03,0.42,18.44,21.07,"GEOJITFSL,"
Nalwa Sons Investments Ltd.,NSIL,Finance - Investment,2334.85,2,2024-03,55.19,2024-03,41.49,0.81,0.19,2,2023-03,0,1.16,1.57,"NSIL,"
Dolat Algotech Ltd.,DOLATALGO,Finance - Stock Broking,2332,2,2024-03,157.75,2024-03,14.82,,2.94,2,2023-03,0.22,19.95,25.53,"DOLATALGO,"
Arman Financial Services Ltd.,ARMANFIN,Finance - NBFC,2210.9,2,2024-03,173.57,2024-03,12.74,0.19,2.72,2,2023-03,4.39,32.46,18.74,"ARMANFIN,"
SG Finserve Ltd.,539199,Finance - NBFC,2172.64,1,2024-03,78.59,2024-03,27.65,0.28,2.64,1,2023-03,0.95,6.99,6.22,"539199,"
Summit Securities Ltd.,SUMMITSEC,Finance - NBFC,2106.44,2,2024-03,75.73,2024-03,27.82,,0.23,2,2023-03,0,0.77,0.98,"SUMMITSEC,"
Balmer Lawrie Investments Ltd.,532485,Finance - NBFC,1997.87,2,2024-03,205.66,2024-03,11.89,,1.64,2,2023-03,0.08,15.47,20.69,"532485,"
Mufin Green Finance Ltd.,MUFIN,Finance - Investment,1961.77,1,2024-03,16.06,2024-03,122.13,0.87,8.07,1,2023-03,1.48,6.4,6.98,"MUFIN,"
Tourism Finance Corporation Of India Ltd.,TFCILTD,Finance Term Lending,1957.47,1,2024-03,91.11,2024-03,21.49,8.37,1.71,1,2023-03,0.98,9,9.47,"TFCILTD,"
GKW Ltd.,GKWLIMITED,Finance - Investment,1844.39,1,2024-03,13.85,2024-03,133.16,116.3,-123.63,1,2023-03,0,2.85,4.2,"GKWLIMITED,"
Systematix Corporate Services Ltd.,526506,Finance - Investment,1775.57,2,2024-03,53.35,2024-03,33.28,,11.66,2,2023-03,0.21,5.24,7.41,"526506,"
Monarch Networth Capital Ltd.,MONARCH,Finance - Stock Broking,1761.21,2,2024-03,123.15,2024-03,14.3,0.8,5.09,2,2023-03,0.01,22.3,30.79,"MONARCH,"
Master Trust Ltd.,511768,Finance - NBFC,1759.15,2,2024-03,108.08,2024-03,16.28,0.36,3.42,2,2023-03,0.44,19.83,25.51,"511768,"
Centrum Capital Ltd.,CENTRUM,Finance - Investment,1637.09,2,2024-03,-71.19,2024-03,0,,3.72,2,2023-03,9.32,-30.61,7.32,"CENTRUM,"
SMC Global Securities Ltd.,SMCGLOBAL,Finance - Stock Broking,1607.67,2,2024-03,188.3,2024-03,8.58,0.43,1.47,2,2024-03,1.3,18.56,18.35,"SMCGLOBAL,"
5Paisa Capital Ltd.,5PAISA,Finance - Stock Broking,1565.33,2,2024-03,54.44,2024-03,28.75,0.96,2.9,2,2023-03,0.37,10.78,12.27,"5PAISA,"
GIC Housing Finance Ltd.,GICHSGFIN,Finance - Housing,1416.28,2,2024-03,151.35,2024-03,9.36,,0.77,2,2024-03,4.68,8.58,8.62,"GICHSGFIN,"
Max India Ltd.,MAXIND,Finance - Investment,1387.08,2,2024-03,-57.46,2024-03,0,,2.82,2,2023-03,0.04,-1.76,0.52,"MAXIND,"
Vardhman Holdings Ltd.,VHL,Finance - NBFC,1301.94,2,2024-03,3.69,2024-03,7.04,1.4,0.39,2,2023-03,0,7.77,7.66,"VHL,"
Crest Ventures Ltd.,CREST,Finance - NBFC,1229.03,2,2024-03,60.77,2024-03,20.44,0.61,1.11,2,2023-03,0.18,50.47,64.98,"CREST,"
Sastasundar Ventures Ltd.,SASTASUNDR,Finance - NBFC,1129.27,2,2024-03,92.03,2024-03,127.13,,1.48,2,2023-03,0,-12.67,-15.23,"SASTASUNDR,"
Industrial & Prudential Investment Company Ltd.,501298,Finance - NBFC,1083.26,2,2024-03,4.48,2024-03,21.9,1.25,1.41,2,2023-03,0,7.22,7.37,"501298,"
CSL Finance Ltd.,CSLFINANCE,Finance - NBFC,1073.4,1,2024-03,63.36,2024-03,16.94,0.83,2.25,1,2023-03,1.13,13.43,13.69,"CSLFINANCE,"
Fedders Holding Ltd.,511628,Finance - Investment,1043.08,2,2024-03,93.7,2024-03,11.14,0.12,2.35,2,2023-03,0.14,10.89,9.66,"511628,"
Sat Industries Ltd.,SATINDLTD,Finance - Others,1040.95,2,2024-03,274.22,2024-03,4.04,0.05,1.61,2,2024-03,0.1,60.29,63.55,"SATINDLTD,"
VLS Finance Ltd.,VLSFINANCE,Finance - Investment,1035.7,2,2024-03,324.33,2024-03,3.19,0.26,0.35,2,2023-03,0,2.05,2.13,"VLSFINANCE,"
Saraswati Commercial (India) Ltd.,512020,Finance - NBFC,981.93,2,2024-03,103.9,2024-03,9.45,,1.41,2,2023-03,0.05,2.71,4.56,"512020,"
The Investment Trust of India Ltd.,THEINVEST,Finance - NBFC,976.93,2,2024-03,14.5,2024-03,52.6,,1.48,2,2023-03,0.28,1.88,4.71,"THEINVEST,"
Jindal Poly Investment and Finance Company Ltd.,JPOLYINVST,Finance - Investment,963.42,2,2024-03,31.99,2024-03,3.26,0.16,0.36,2,2023-03,0.01,20.7,25.57,"JPOLYINVST,"
Oswal Greentech Ltd.,OSWALGREEN,Finance - Investment,953.02,1,2024-03,6.37,2024-03,149.54,,0.38,1,2023-03,0,1.53,2.39,"OSWALGREEN,"
Aditya Birla Money Ltd.,BIRLAMONEY,Finance - Stock Broking,951.9,1,2024-03,52.97,2024-03,17.97,0.45,5.79,1,2024-03,8.45,38.98,12.84,"BIRLAMONEY,"
Moneyboxx Finance Ltd.,538446,Finance - NBFC,930.49,1,2024-03,9.14,2024-03,101.8,,5.52,1,2023-03,3.07,-12.4,5.48,"538446,"
Jindal Photo Ltd.,JINDALPHOT,Finance - Investment,914.84,2,2024-03,15.33,2024-03,3.45,0.02,0.4,2,2023-03,0.03,8.76,8.7,"JINDALPHOT,"
MKVentures Capital Ltd.,514238,Finance - NBFC,883.99,2,2024-03,21.17,2024-03,41.75,,9.43,2,2023-03,7.81,51.39,9.21,"514238,"
GFL Ltd.,GFLLIMITED,Finance - Investment,878.8,2,2024-03,2.81,2024-03,0,,0.34,2,2023-03,0,152.94,157.57,"GFLLIMITED,"
Radiant Cash Management Services Ltd.,RADIANTCMS,Finance - Investment,851.42,1,2024-03,45.44,2024-03,18.74,0.29,3.36,1,2023-03,0.12,33.93,48.45,"RADIANTCMS,"
Wealth First Portfolio Managers Ltd.,WEALTH,Finance - Investment,843.82,2,2024-03,42.68,2024-03,19.77,2.06,7.13,2,2023-03,0,19.45,26.02,"WEALTH,"
STEL Holdings Ltd.,STEL,Finance - Investment,834.83,2,2024-03,13.27,2024-03,62.9,3.84,0.56,2,2023-03,0,1.58,2.11,"STEL,"
Dhunseri Investments Ltd.,DHUNINV,Finance - Investment,821.14,2,2024-03,65.55,2024-03,16.81,0.7,0.32,2,2023-03,0.15,25.09,30.67,"DHUNINV,"
Capital India Finance Ltd.,530879,Finance - Investment,785.12,2,2024-03,-6.44,2024-03,67.4,,1.26,2,2023-03,1.56,-14.66,-0.08,"530879,"
Prime Securities Ltd.,PRIMESECU,Finance - Stock Broking,769.75,2,2024-03,18.56,2024-03,41.47,5.18,5.01,2,2024-03,0,13.56,16.75,"PRIMESECU,"
Arihant Capital Markets Ltd.,ARIHANTCAP,Finance - Stock Broking,748.05,2,2024-03,68.4,2024-03,10.61,1.55,2.32,2,2023-03,0.23,12,16,"ARIHANTCAP,"
Finkurve Financial Services Ltd.,508954,Finance - NBFC,723.85,1,2024-03,16.07,2024-03,45.04,0.87,3.93,1,2023-03,0.3,8.7,12.11,"508954,"
AK Capital Services Ltd.,530499,Finance - Investment,712.9,2,2024-03,92.52,2024-03,7.77,1.13,0.78,2,2023-03,2.58,11.06,8.87,"530499,"
Alankit Ltd.,ALANKIT,Finance - Stock Broking,711.25,2,2024-03,21.98,2024-03,32.99,,2.58,2,2023-03,0.08,-23.88,-21.88,"ALANKIT,"
Worth Investment & Trading Co Ltd.,538451,Finance - NBFC,670.26,1,2024-03,1.85,2024-03,361.91,3.07,14.3,1,2023-03,2.68,10.72,5.95,"538451,"
SIL Investments Ltd.,SILINV,Finance - NBFC,649.16,2,2024-03,28.06,2024-03,22.07,,0.3,2,2023-03,0.03,1.41,1.99,"SILINV,"
Niyogin Fintech Ltd.,538772,Finance - Investment,646.92,2,2024-03,-24.84,2024-03,0,,2.3,2,2023-03,0,-10.68,-9.42,"538772,"
Consolidated Finvest & Holdings Ltd.,CONSOFINVT,Finance - NBFC,628.72,1,2024-03,46.47,2024-03,13.53,0.08,1.9,1,2023-03,0,50.25,65.96,"CONSOFINVT,"
Gourmet Gateway India Ltd.,506134,Finance - Investment,607.98,2,2024-03,5.73,2024-03,126.93,,10.2,2,2023-03,2.05,16.32,15.18,"506134,"
N.B.I. Industrial Finance Co. Ltd.,NBIFIN,Finance - NBFC,589.38,1,2024-03,7.86,2024-03,74.94,11.39,0.25,1,2023-03,0,0.23,0.35,"NBIFIN,"
TruCap Finance Ltd.,TRU,Finance - Stock Broking,587.77,2,2024-03,10.96,2024-03,53.61,,2.77,2,2023-03,2.16,0.34,9.53,"TRU,"
Nahar Capital And Financial Services Ltd.,NAHARCAP,Finance - NBFC,535.54,2,2024-03,38.94,2024-03,45.52,1.1,0.35,2,2023-03,0,6.91,6.05,"NAHARCAP,"
SRG Housing Finance Ltd.,SRGHFL,Finance - Housing,531.63,1,2024-03,21.06,2024-03,25.25,1.57,3.17,1,2023-03,2.73,13.95,13.06,"SRGHFL,"
Shriram Asset Management Company Ltd.,531359,Finance - Asset Management,527.18,1,2024-03,-6.86,2024-03,0,,7.03,1,2024-03,0,-17.71,-7.18,"531359,"
Muthoot Capital Services Ltd.,MUTHOOTCAP,Finance - NBFC,514.73,1,2024-03,122.66,2024-03,4.2,0.53,0.85,1,2023-03,3.87,17.47,11.64,"MUTHOOTCAP,"
Kiran Vyapar Ltd.,537750,Finance - NBFC,510.62,2,2024-03,35.26,2024-03,9.8,1.67,0.29,2,2023-03,0.1,2.66,3.41,"537750,"
Meghna Infracon Infrastructure Ltd.,538668,Finance - Stock Broking,497.47,1,2024-03,3.17,2024-03,156.83,,37.95,1,2023-03,0.85,-28.87,-12.21,"538668,"
UY Fincorp Ltd.,530579,Finance - NBFC,477.31,1,2024-03,64.92,2024-03,7.35,,1.49,1,2023-03,0,3.11,4.45,"530579,"
Akme Fintrade (India) Ltd.,AFIL,Finance - NBFC,469.64,1,,,2023-03,29.72,,1.4,1,2023-03,0.87,9.25,12.73,"AFIL,"
Industrial Investment Trust Ltd.,IITL,Finance - NBFC,456.7,2,2024-03,69.15,2024-03,7.04,0.33,1.04,2,2023-03,0,12.53,14.89,"IITL,"
Bombay Oxygen Investments Ltd.,509470,Finance - Investment,444,1,2024-03,57.6,2024-03,7.71,0.14,0.96,1,2024-03,0,14.48,17.66,"509470,"
Shardul Securities Ltd.,512393,Finance - NBFC,440.96,2,2024-03,97.81,2024-03,4.51,,0.66,2,2023-03,0,0.48,0.62,"512393,"
Shalibhadra Finance Ltd.,511754,Finance - NBFC,438.2,1,2024-03,11.97,2024-03,36.61,4.5,4.63,1,2023-03,0.73,13.22,15.14,"511754,"
Star Housing Finance Ltd.,539017,Finance - Housing,430.93,1,2024-03,8.89,2024-03,48.52,2.52,3.23,1,2023-03,1.57,8.45,9.46,"539017,"
Mangalam Industrial Finance Ltd.,537800,Finance - NBFC,419.28,1,2024-03,0.19,2024-03,0,,14.83,1,2023-03,0,-16.23,-15.5,"537800,"
Emkay Global Financial Services Ltd.,EMKAY,Finance - Stock Broking,418.88,2,2024-03,30.63,2024-03,12.91,,1.74,2,2023-03,0.07,7.11,7.7,"EMKAY,"
Thirdwave Financial Intermediaries Ltd.,531652,Finance - Investment,388.92,1,2024-03,0.04,2024-03,0,,11.29,1,2023-03,0,-11.18,-6.17,"531652,"
IL&FS Investment Managers Ltd.,IVC,Finance - Investment,388.14,2,2024-03,12.04,2024-03,38.39,,1.92,2,2023-03,0,7.96,10.12,"IVC,"
Aryaman Financial Services Ltd.,530245,Finance - Investment,385.51,2,2024-03,27.51,2024-03,21.85,3.2,6.87,2,2023-03,0.73,10.46,11.13,"530245,"
Quest Capital Markets Ltd.,500069,Finance - NBFC,384.75,1,2024-03,20.15,2024-03,19.09,2.32,0.39,1,2024-03,0,2.43,3.14,"500069,"
Sakthi Finance Ltd.,511066,Finance - NBFC,371.28,1,2024-03,15.71,2024-03,23.64,25.31,1.68,1,2023-03,5.19,6.17,10,"511066,"
Almondz Global Securities Ltd.,ALMONDZ,Finance - Stock Broking,371.11,2,2024-03,26,2024-03,10.89,0.54,1.68,2,2023-03,0.09,8.11,10.49,"ALMONDZ,"
Capital Trade Links Ltd.,538476,Finance - NBFC,365.88,1,2024-03,9.7,2024-03,37.72,1.75,6.53,1,2023-03,3.47,7.6,8.32,"538476,"
Jhaveri Credits & Capital Ltd.,531550,Finance - Stock Broking,358.54,1,2024-03,1.77,2024-03,222.83,5.96,4.2,1,2023-03,0,9.95,11.21,"531550,"
Naga Dhunseri Group Ltd.,NDGL,Finance - Investment,345,2,2024-03,23.29,2024-03,10.19,0.57,0.47,2,2023-03,0,10.41,10.64,"NDGL,"
Apollo Finvest (India) Ltd.,512437,Finance - Investment,343.32,1,2024-03,8.01,2024-03,42.86,0.75,5.69,1,2023-03,0,21.47,28.91,"512437,"
Mercantile Ventures Ltd.,538942,Finance - NBFC,327.7,2,2024-03,-11.58,2024-03,0,0,0.98,2,2023-03,0.01,2.02,2.95,"538942,"
Purple Finance Ltd.,544191,Finance - NBFC,325.09,1,2024-03,-7.61,2024-03,0,,6.92,1,2023-03,0.02,-43.23,-41.71,"544191,"
India Finsec Ltd.,535667,Finance - NBFC,324.24,1,2024-03,0.02,2024-03,0,0,7.4,2,2023-03,2.8,7.77,12.57,"535667,"
Caspian Corporate Services Ltd.,534732,Finance - Others,305.53,2,2024-03,7.93,2024-03,38.54,,11.27,2,2023-03,1.67,3.67,2.3,"534732,"
Avonmore Capital & Management Services Ltd.,AVONMORE,Finance - Investment,305.46,2,2024-03,11.6,2024-03,0,0,1.02,2,2023-03,0.09,50.91,60.25,"AVONMORE,"
Welspun Investments and Commercials Ltd.,WELINV,Finance - Investment,303.32,1,2024-03,2.77,2024-03,109.27,1.29,0.66,1,2023-03,0,3.26,4.36,"WELINV,"
Comfort Intech Ltd.,531216,Finance - NBFC,300.74,2,2024-03,6.7,2024-03,17.43,1.26,1.96,2,2023-03,0.07,5,7.08,"531216,"
Standard Capital Markets Ltd.,511700,Finance - NBFC,299.29,1,2024-03,10.73,2024-03,27.94,0.3,1.29,1,2023-03,0.59,2.9,7.45,"511700,"
Reliance Capital Ltd.,RELCAPITAL,Finance - NBFC,297.94,2,2024-03,432.1,2023-12,0,0,-0.03,2,2023-03,-1.46,0,-20.97,"RELCAPITAL,"
Inventure Growth & Securities Ltd.,INVENTURE,Finance - Stock Broking,294,2,2024-03,11.98,2024-03,24.48,1.6,1.06,2,2023-03,0.13,4.54,6.24,"INVENTURE,"
Starteck Finance Ltd.,STARTECK,Finance - NBFC,290.82,2,2024-03,15.9,2024-03,18.28,0.33,1.43,2,2023-03,1.01,12.82,10.96,"STARTECK,"
Indo Thai Securities Ltd.,INDOTHAI,Finance - Investment,288.2,2,2024-03,15.31,2024-03,18.77,,3.95,2,2023-03,0.05,-11.64,-13.69,"INDOTHAI,"
Available Finance Ltd.,531310,Finance - NBFC,278.51,2,2024-03,0.24,2024-03,2.34,0.07,0.26,2,2023-03,0,0.03,0.05,"531310,"
Sunshine Capital Ltd.,539574,Finance - NBFC,269.79,2,2024-03,-47.21,2024-03,0,,4.87,2,2024-03,12.1,-59.79,-11.37,"539574,"
Pune E - Stock Broking Ltd.,544141,Finance - Stock Broking,264.5,1,2024-03,11.57,2024-03,22.86,,2.51,2,2023-03,0.24,13.39,16.36,"544141,"
Prithvi Exchange (India) Ltd.,531688,Finance - Others,260.69,2,2024-03,13.04,2024-03,19.97,,6.13,2,2023-03,0.16,15.75,20.48,"531688,"
Paul Merchants Ltd.,539113,Finance - Investment,256.9,2,2024-03,54.63,2024-03,4.7,,0.45,2,2023-03,0.6,9,11.27,"539113,"
Beacon Trusteeship Ltd.,BEACON,Finance - Investment,254.9,1,,,-0,,,14.11,2,2023-03,0,31.82,44.26,"BEACON,"
Delphi World Money Ltd.,533452,Finance - Others,253.72,1,2024-03,15.19,2024-03,16.7,,1.16,1,2023-03,0,7.55,11.19,"533452,"
Regis Industries Ltd.,543208,Finance - NBFC,246.5,1,2024-03,-0.93,2024-03,0,,9.26,1,2023-03,0.19,-1.96,-1.7,"543208,"
Maha Rashtra Apex Corporation Ltd.,MAHAPEXLTD,Finance - Investment,246.19,2,2024-03,7.76,2024-03,0.71,,0.53,2,2023-03,0,-31.81,-31.71,"MAHAPEXLTD,"
PMC Fincorp Ltd.,534060,Finance - Investment,234.99,1,2024-03,11.35,2024-03,20.71,0.43,2.26,1,2024-03,0.18,11.56,10.69,"534060,"
Swastika Investmart Ltd.,530585,Finance - Stock Broking,227.9,2,2024-03,12.29,2024-03,18.55,0.86,3.19,2,2024-03,0.19,19.15,27.12,"530585,"
Indbank Merchant Banking Services Ltd.,INDBANK,Finance - Stock Broking,221.67,1,2024-03,8.04,2024-03,27.57,2.89,2.66,1,2023-03,0.04,4.81,8.05,"INDBANK,"
Gujarat State Financial Corporation Ltd.,532160,Finance Term Lending,217.88,1,2024-03,-119.21,2024-03,0,,-0.07,1,2024-03,-0.23,0,0,"532160,"
Mangal Credit and Fincorp Ltd.,505850,Finance - NBFC,215.69,1,2024-03,10.54,2024-03,20.45,1.77,1.69,1,2023-03,0.77,7.26,9.26,"505850,"
Vibrant Global Capital Ltd.,538732,Finance - Investment,212.9,2,2024-03,47.67,2024-03,4.47,,1.39,2,2023-03,0.4,-6.97,0.94,"538732,"
Indian Infotech & Software Ltd.,509051,Finance - Investment,212.86,1,2024-03,1.72,2024-03,124.05,,0.79,1,2023-03,0,0.26,0.34,"509051,"
Coral India Finance & Housing Ltd.,CORALFINAC,Finance - NBFC,212.84,1,2024-03,20.76,2024-03,10.25,1.62,1.16,1,2023-03,0,12.57,15.31,"CORALFINAC,"
Alacrity Securities Ltd.,535916,Finance - Stock Broking,210.92,1,2024-03,11.45,2024-03,18.42,0.51,4.4,1,2023-03,0.31,14.1,16.62,"535916,"
Baid Finserv Ltd.,BAIDFIN,Finance - NBFC,210,1,2024-03,12.86,2024-03,16.25,2.76,1.24,1,2024-03,1.45,8.03,11.21,"BAIDFIN,"
LKP Finance Ltd.,507912,Finance - Investment,205.69,2,2024-03,59.45,2024-03,3.46,0.14,0.58,2,2024-03,0.24,18.18,18.17,"507912,"
Capital Trust Ltd.,CAPTRUST,Finance - NBFC,196.66,1,2024-03,2.15,2024-03,91.63,,2.52,1,2024-03,1.04,2.84,8.15,"CAPTRUST,"
Swati Projects Ltd.,543914,Finance - NBFC,195.59,2,2024-03,0.74,2024-03,354.97,,15.47,2,2023-03,0,7.37,9.16,"543914,"
Toyam Sports Ltd.,538607,Finance - Stock Broking,194.76,2,2024-03,8.44,2024-03,40.15,,0.58,2,2023-03,0.01,-32.23,-26.26,"538607,"
Reliance Home Finance Ltd.,540709,Finance - Housing,183.35,1,2024-03,-3.55,2024-03,0,0,-2.23,1,2023-03,-1.1,0,250.03,"540709,"
KIFS Financial Services Ltd.,535566,Finance - NBFC,181.69,1,2024-03,7.11,2024-03,25.53,1.56,3.6,1,2023-03,5.9,15.11,9.75,"535566,"
Ganges Securities Ltd.,GANGESSECU,Finance - Investment,178.42,2,2024-03,3.48,2024-03,51.28,46.43,0.33,2,2023-03,0,1.81,2.38,"GANGESSECU,"
LKP Securities Ltd.,540192,Finance - Stock Broking,175.76,2,2024-03,9.5,2024-03,18.5,0.53,2.2,2,2024-03,0.1,13.13,23.25,"540192,"
Visco Trade Associates Ltd.,540097,Finance - NBFC,172.83,2,2024-03,33.21,2024-03,5.21,,1.87,2,2023-03,1.09,-13.41,-5.72,"540097,"
Srestha Finvest Ltd.,539217,Finance - Investment,167.28,1,2024-03,1.74,2024-03,96.19,,0.92,1,2023-03,0.49,-12.74,-7.46,"539217,"
DB (International) Stock Brokers Ltd.,DBSTOCKBRO,Finance - Stock Broking,165.2,2,2024-03,9.04,2024-03,18.26,0.29,2.49,2,2023-03,0.02,11.81,17.13,"DBSTOCKBRO,"
Sonal Mercantile Ltd.,538943,Finance - NBFC,164.48,2,2024-03,11.71,2024-03,6.8,,0.52,2,2023-03,1.05,2.92,5.11,"538943,"
Garnet International Ltd.,512493,Finance - Investment,163.95,2,2024-03,-5.19,2024-03,0,,5.99,2,2023-03,0.68,10.67,10.64,"512493,"
The Motor & General Finance Ltd.,MOTOGENFIN,Finance - NBFC,163.04,2,2024-03,1.21,2024-03,140.55,,3.32,2,2023-03,0.04,-5.35,-4.22,"MOTOGENFIN,"
Aryaman Capital Markets Ltd.,538716,Finance - Stock Broking,159.71,1,2024-03,6.46,2024-03,24.74,1,5.58,1,2023-03,1.43,6.35,8.32,"538716,"
RSD Finance Ltd.,539875,Finance - NBFC,158.21,2,2024-03,17.4,2024-03,11.3,0.58,0.8,2,2023-03,0.19,7.21,9.21,"539875,"
BN Rathi Securities Ltd.,523019,Finance - Stock Broking,156.77,2,2024-03,10.54,2024-03,14.88,0.28,2.49,2,2024-03,0,19.71,28.44,"523019,"
Money Masters Leasing & Finance Ltd.,535910,Finance - NBFC,155.14,1,2024-03,0.51,2024-03,305.4,36.15,12.28,1,2023-03,0.8,4.05,5.97,"535910,"
Colab Cloud Platforms Ltd.,542866,Finance - Investment,153.61,1,2024-03,1.79,2024-03,86.01,7.1,7.08,1,2023-03,0.01,7.11,9.52,"542866,"
Dhruva Capital Services Ltd.,531237,Finance - NBFC,150.28,1,2024-03,2.14,2024-03,35.31,8.45,12.36,1,2023-03,0.01,1.2,1.48,"531237,"
Abhinav Capital Services Ltd.,532057,Finance - NBFC,150.26,1,2024-03,9.26,2024-03,16.23,0.71,1.95,1,2023-03,0,18.11,23.19,"532057,"
Arunjyoti Bio Ventures Ltd.,530881,Finance - Investment,149.1,1,2024-03,-0.35,2024-03,0,0,4.27,1,2023-03,15.26,5.68,0.91,"530881,"
Milgrey Finance & Investments Ltd.,511018,Finance - Investment,142.17,1,2024-03,0.02,2024-03,0,,4.13,1,2023-03,1.93,-15.42,-0.74,"511018,"
Palash Securities Ltd.,PALASHSECU,Finance - Investment,142.09,2,2024-03,-15.76,2024-03,0,,0.31,2,2023-03,0.06,-3.76,-2.54,"PALASHSECU,"
NCL Research & Financial Services Ltd.,530557,Finance - NBFC,141.28,1,2024-03,1.61,2024-03,87.75,1.58,1.28,1,2023-03,0,0.64,0.98,"530557,"
Saumya Consultants Ltd.,539218,Finance - NBFC,137.65,1,2024-03,21.38,2024-03,6.44,,1.26,1,2023-03,0,-1.31,-0.49,"539218,"
Steel City Securities Ltd.,STEELCITY,Finance - Stock Broking,136.55,2,2024-03,11.34,2024-03,11.51,,1.11,2,2023-03,0.01,10.06,14.34,"STEELCITY,"
Ascom Leasing & Investments Ltd.,ASCOM,Finance - NBFC,136,1,2024-03,4.97,2024-03,27.39,12.23,3.43,1,2023-03,0.01,13.37,17.41,"ASCOM,"
WSFX Global Pay Ltd.,511147,Finance - NBFC,132.67,1,2024-03,4.12,2024-03,32.18,2.01,4.03,1,2023-03,0.46,4.58,5.25,"511147,"
Credent Global Finance Ltd.,539598,Finance - NBFC,131.74,2,2024-03,2.49,2024-03,98.61,,1.81,2,2023-03,1.57,42.5,34.12,"539598,"
IBL Finance Ltd.,IBLFL,Finance - NBFC,131.07,1,2024-03,2.28,2024-03,57.41,,2.33,1,2023-03,0,16.04,26.01,"IBLFL,"
Keynote Financial Services Ltd.,KEYFINSERV,Finance - Investment,130.89,2,2024-03,27.8,2024-03,4.89,,1.04,2,2023-03,0.02,-1.72,0.18,"KEYFINSERV,"
Sera Investments & Finance India Ltd.,512399,Finance - Others,130.59,1,2024-03,17.87,2024-03,7.31,,1.89,1,2023-03,1.15,-74.46,-21.75,"512399,"
Som Datt Finance Corporation Ltd.,511571,Finance - Investment,129.95,1,2024-03,12.09,2024-03,10.74,0.14,3.59,1,2023-03,0,3.13,3.51,"511571,"
Tilak Ventures Ltd.,503663,Finance - Investment,129.47,2,2024-03,5.15,2024-03,24.44,,1.67,2,2023-03,0.03,3.71,4.47,"503663,"
Tamboli Industries Ltd.,533170,Finance - Investment,127.32,2,2024-03,7.52,2024-03,16.92,1.98,1.16,2,2023-03,0.01,10.7,15.24,"533170,"
Transwarranty Finance Ltd.,532812,Finance - NBFC,124.29,2,2024-03,0.8,2024-03,155.36,,4.08,2,2023-03,1.38,-42.78,-5.84,"532812,"
Advik Capital Ltd.,539773,Finance - NBFC,119.03,2,2024-03,6.36,2024-03,18.73,0.13,1.06,2,2023-03,1.28,27.42,21.35,"539773,"
Haryana Capfin Ltd.,532855,Finance - Investment,117.95,1,2024-03,2.82,2024-03,41.87,203.26,0.29,1,2023-03,0,0.97,1.31,"532855,"
Times Guaranty Ltd.,TIMESGTY,Finance - Investment,117.32,1,2024-03,1.79,2024-03,65.43,4.59,2.58,1,2023-03,0,2.17,2.5,"TIMESGTY,"
Yogi Ltd.,511702,Finance - NBFC,116,1,2024-03,-0.38,2024-03,0,,2.31,1,2024-03,0.35,-1.19,-0.96,"511702,"
Alfred Herbert (India) Ltd.,505216,Finance - NBFC,115.71,2,2024-03,0.68,2024-03,171.43,4.75,0.96,2,2023-03,0,1.94,1.9,"505216,"
Wallfort Financial Services Ltd.,532053,Finance - Investment,114.79,1,2024-03,29.61,2024-03,3.88,,0.77,1,2023-03,0.02,4.32,5.3,"532053,"
Biogen Pharmachem Industries Ltd.,531752,Finance - Others,114.21,1,2024-03,1.93,2024-03,59.14,3.78,2.01,1,2023-03,0,0.84,0.84,"531752,"
Virat Leasing Ltd.,539167,Finance - NBFC,113.85,1,2024-03,-0.13,2024-03,0,,7.26,1,2023-03,0.05,-0.31,0.01,"539167,"
Arnold Holdings Ltd.,537069,Finance - NBFC,113.43,1,2024-03,8.82,2024-03,12.85,0.22,2.07,1,2023-03,1.23,6.62,10.37,"537069,"
Leading Leasing Finance And Investment Co Ltd.,540360,Finance - NBFC,113.23,1,2024-03,2.09,2024-03,54.13,3.83,1.49,1,2024-03,7.76,16.33,4.82,"540360,"
Emerald Finance Ltd.,538882,Finance - NBFC,113.04,2,2024-03,4.15,2024-03,27.32,0.62,2.42,2,2023-03,0.14,8.53,12.05,"538882,"
Nidhi Granites Ltd.,512103,Finance - Others,112.08,2,2024-03,0.68,2024-03,163.62,,6.61,2,2024-03,0.25,6.42,10.14,"512103,"
Key Corp Ltd.,507948,Finance - NBFC,108.87,1,2024-03,61.4,2024-03,3.45,0.08,1.72,1,2023-03,0,32.09,32.08,"507948,"
SREI Infrastructure Finance Ltd.,SREINFRA,Finance - NBFC,104.14,1,2023-09,-6.73,2023-06,0,,-0.37,2,2023-03,-1.89,0,-53.19,"SREINFRA,"
Titan Securities Ltd.,530045,Finance - Investment,103.69,2,2024-03,1.07,2024-03,10.3,0.16,1.16,2,2023-03,0,0.64,0.88,"530045,"
Upsurge Investment & Finance Ltd.,531390,Finance - NBFC,103.28,1,2024-03,11.26,2024-03,9.17,,2.17,1,2023-03,0.06,1.35,2.64,"531390,"
BLB Ltd.,BLBLIMITED,Finance - Stock Broking,100.44,1,2024-03,2.61,2024-03,38.48,1.56,1.08,1,2023-03,0.04,6.67,9.36,"BLBLIMITED,"
Futuristic Solutions Ltd.,534063,Finance - NBFC,99.55,1,2024-03,1.41,2024-03,70.46,3.67,6.5,1,2024-03,0,9.33,13.38,"534063,"
Ashika Credit Capital Ltd.,543766,Finance - NBFC,99.08,1,2024-03,10.7,2024-03,9.26,0.57,1.45,1,2023-03,0,10.82,13.59,"543766,"
East West Holdings Ltd.,540006,Finance - Investment,97.21,2,2024-03,6.73,2024-03,15.27,,1.48,2,2023-03,1.26,-1.54,4.86,"540006,"
Banas Finance Ltd.,509053,Finance - NBFC,94.5,2,2024-03,2.27,2024-03,21.51,,0.48,2,2023-03,0.04,-34.82,-60.74,"509053,"
KBS India Ltd.,530357,Finance - Stock Broking,93.5,1,2024-03,0.07,2024-03,0,,2.87,1,2023-03,0,0.61,0.79,"530357,"
ACME Resources Ltd.,539391,Finance - NBFC,93.42,2,2024-03,1.71,2024-03,54.63,1.24,0.73,1,2023-03,0.04,17.48,21.64,"539391,"
SKP Securities Ltd.,531169,Finance - Investment,92.6,1,2024-03,8.65,2024-03,10.71,,2.21,1,2023-03,0.08,9.64,15.04,"531169,"
Sangam Finserv Ltd.,538714,Finance - NBFC,92.29,1,2024-03,7.9,2024-03,11.68,,0.73,1,2023-03,0.28,5.56,8.52,"538714,"
Mukesh Babu Financial Services Ltd.,530341,Finance - NBFC,90.87,2,2024-03,5.87,2024-03,15.42,,0.98,2,2023-03,0.13,2.33,3.91,"530341,"
Mena Mani Industries Ltd.,531127,Finance - Investment,90.51,1,2024-03,0.23,2024-03,628.56,40.4,-129.23,1,2023-03,-17.5,0,4.98,"531127,"
HB Stockholdings Ltd.,HBSL,Finance - NBFC,89.51,2,2024-03,37.53,2024-03,2.38,,0.87,2,2023-03,0.01,-3.01,-3.06,"HBSL,"
Real Touch Finance Ltd.,538611,Finance - Investment,88.85,1,2024-03,2.63,2024-03,33.73,0.25,2.14,1,2023-03,2.32,6.93,9.78,"538611,"
Dharni Capital Services Ltd.,543753,Finance - Asset Management,88.61,1,2024-03,2.92,2024-03,30.32,,6.44,2,2023-03,0,8.39,11.27,"543753,"
Pulsar International Ltd.,512591,Finance - NBFC,88.46,1,2024-03,2.29,2024-03,49.14,1.5,8.57,1,2023-03,0,3.52,3.02,"512591,"
Escorp Asset Management Ltd.,540455,Finance - Asset Management,88.04,1,2024-03,17.25,2024-03,5.1,0.06,2.08,1,2023-03,0,4.59,5.19,"540455,"
Munoth Capital Markets Ltd.,511200,Finance - Stock Broking,88.03,1,2024-03,-0.22,2024-03,0,,15.41,1,2023-03,0.05,-5.48,-5.22,"511200,"
Kalyan Capitals Ltd.,538778,Finance - Others,85.96,2,2024-03,7.39,2024-03,14.32,0.67,1.83,2,2023-03,2.33,11.28,14.91,"538778,"
CNI Research Ltd.,512018,Finance - Investment,84.96,1,2024-03,0.84,2024-03,101.73,3.42,5.7,1,2024-03,0,6.85,6.99,"512018,"
Supra Pacific Financial Services Ltd.,540168,Finance - NBFC,83.66,1,2024-03,0.67,2024-03,125.25,2.68,1.52,1,2023-03,2.35,1.57,9.76,"540168,"
Capfin India Ltd.,539198,Finance - Investment,83.48,1,2024-03,-0.47,2024-03,0,0,32.12,1,2023-03,0,6.1,7.29,"539198,"
HB Portfolio Ltd.,532333,Finance - Investment,82.99,2,2024-03,5.17,2024-03,11.82,,0.29,2,2023-03,0,1.48,1.82,"532333,"
Kreon Finnancial Services Ltd.,530139,Finance - NBFC,82.1,1,2024-03,0.62,2024-03,131.74,5.85,2.67,1,2024-03,0.85,2.54,4.61,"530139,"
F Mec International Financial Services Ltd.,539552,Finance - NBFC,80.92,1,2024-03,0.81,2024-03,104.42,1.74,6.59,1,2023-03,0.44,6.92,8.81,"539552,"
Optimus Finance Ltd.,531254,Finance - NBFC,79.36,2,2024-03,8.22,2024-03,15.1,0.42,2.04,2,2023-03,0.19,29.29,30.11,"531254,"
Monotype India Ltd.,505343,Finance - Stock Broking,77.34,1,2024-03,9.27,2024-03,8.35,0.56,-5.44,1,2023-03,-1.1,0,324.27,"505343,"
21st Century Management Services Ltd.,526921,Finance - Investment,76.9,2,2024-03,32.17,2024-03,2.39,,1.44,2,2023-03,0.48,-70.59,-57.69,"526921,"
Walchand Peoplefirst Ltd.,501370,Finance - Investment,76.08,1,2024-03,3.41,2024-03,22.27,0.72,3.08,1,2024-03,0.01,14.09,18.66,"501370,"
TCFC Finance Ltd.,532284,Finance - NBFC,74.64,1,2024-03,12.29,2024-03,6.07,,0.66,1,2023-03,0,0.61,0.96,"532284,"
Ceejay Finance Ltd.,530789,Finance - NBFC,73.78,1,2024-03,6.57,2024-03,11.22,2.65,1.06,1,2023-03,0.45,11.4,14.11,"530789,"
Mefcom Capital Markets Ltd.,531176,Finance - Investment,72.66,2,2024-03,8.45,2024-03,9.36,,3.23,2,2023-03,0.47,-35.82,-21.17,"531176,"
Chartered Capital & Investment Ltd.,511696,Finance - Investment,72.28,1,2024-03,5.43,2024-03,13.3,,0.44,1,2023-03,0,0.32,0.46,"511696,"
Apoorva Leasing Finance And Investment Company Ltd.,539545,Finance - Investment,71.91,2,2024-03,1.96,2024-03,34.61,,0.49,2,2023-03,0.01,1.37,1.89,"539545,"
Joindre Capital Services Ltd.,531861,Finance - Stock Broking,71.78,2,2024-03,0.49,2024-03,146.5,,0.99,2,2023-03,0.04,4.35,6.69,"531861,"
Prismx Global Ventures Ltd.,501314,Finance - Investment,70.26,2,2024-03,-16.82,2024-03,0,,0.71,2,2023-03,0.04,5.24,6.11,"501314,"
PH Capital Ltd.,500143,Finance - Investment,68.75,1,2024-03,20.13,2024-03,3.42,,1.49,1,2023-03,0.03,-13.28,-14.97,"500143,"
Morarka Finance Ltd.,511549,Finance - NBFC,68.3,1,2024-03,6.32,2024-03,10.82,0.73,0.42,1,2023-03,0,2.04,2.38,"511549,"
Veeram Securities Ltd.,540252,Finance - Others,68.15,1,2024-03,2.46,2024-03,27.7,1.41,3.09,1,2023-03,0,9.42,12.21,"540252,"
Softrak Venture Investment Ltd.,531529,Finance - Investment,67.03,1,2024-03,2.16,2024-03,31.02,0.15,1.46,1,2023-03,0.02,0.04,0.06,"531529,"
Innovassynth Investments Ltd.,533315,Finance - NBFC,66.96,2,2024-03,-0.74,2024-03,0,,1.86,2,2024-03,0.1,-2.31,-1.25,"533315,"
3P Land Holdings Ltd.,3PLAND,Finance - Investment,66.42,2,2024-03,1.81,2024-03,36.74,0.42,1.57,2,2023-03,0,2.31,3.08,"3PLAND,"
Savani Financials Ltd.,511577,Finance - NBFC,66.3,1,2024-03,-2,2024-03,0,,1.35,1,2024-03,21.7,-181.49,-87.39,"511577,"
ISL Consulting Ltd.,511609,Finance - Stock Broking,65.28,1,2024-03,3.1,2024-03,21.07,,4.43,1,2023-03,0,-8.28,-8.08,"511609,"
ARC Finance Ltd.,540135,Finance - NBFC,65.14,1,2024-03,0.27,2024-03,238.6,14.05,1.27,1,2023-03,0.29,0.64,2.47,"540135,"
Lakshmi Finance & Industrial Corporation Ltd.,LFIC,Finance - NBFC,64.77,1,2024-03,10.38,2024-03,6.24,,1.13,1,2023-03,0,1.17,0.43,"LFIC,"
Yamini Investments Ltd.,511012,Finance - Investment,64.66,1,2024-03,0.25,2024-03,257.63,36.64,0.96,1,2023-03,0,0.31,0.42,"511012,"
Khoobsurat Ltd.,535730,Finance - Investment,64.43,1,2024-03,0.14,2024-03,447.41,6.72,1.1,1,2023-03,0,1.07,1.44,"535730,"
Ind Bank Housing Ltd.,523465,Finance - Housing,63.52,1,2024-03,-0.69,2024-03,0,,-0.53,1,2023-03,-1.08,0,-5.93,"523465,"
SPS Finquest Ltd.,538402,Finance - NBFC,62.96,1,2024-03,3.31,2024-03,19.04,0.23,1.04,1,2023-03,0.44,2.42,7.7,"538402,"
Regency Fincorp Ltd.,540175,Finance - Investment,62.79,1,2024-03,1.97,2024-03,31.92,0.79,1.04,1,2024-03,1.93,6.27,9.28,"540175,"
CMX Holdings Ltd.,532217,Finance - Investment,61.11,1,2024-03,-0.18,2024-03,0,,-11.3,1,2023-03,-1.02,0,-0.28,"532217,"
Zodiac Ventures Ltd.,503641,Finance - Investment,60.14,2,2024-03,0.52,2024-03,135.46,1.17,3.92,2,2023-03,4.2,54.62,34.54,"503641,"
Pioneer Investcorp Ltd.,507864,Finance - Investment,59.5,2,2024-03,2.3,2024-03,14.62,0.33,0.4,2,2023-03,0.59,1.49,4.98,"507864,"
Galactico Corporate Services Ltd.,542802,Finance - Investment,59.16,2,2024-03,2.06,2024-03,28.7,0.53,1.83,2,2023-03,0.21,38.16,40.76,"542802,"
Elixir Capital Ltd.,531278,Finance - Investment,59.11,2,2024-03,20.96,2024-03,3.79,,1.22,2,2023-03,0.22,-9.64,-3.19,"531278,"
Pan India Corporation Ltd.,511525,Finance - Investment,58.92,1,2024-03,-0.08,2024-03,0,,4.58,2,2023-03,0.02,-7.11,-7.03,"511525,"
Inter Globe Finance Ltd.,511391,Finance - NBFC,58.67,1,2024-03,8.69,2024-03,6.95,0.53,0.6,1,2023-03,0.04,2.1,4.18,"511391,"
Visagar Financial Services Ltd.,531025,Finance - NBFC,58.39,1,2024-03,-1.21,2024-03,0,0,0.97,1,2023-03,0.24,3.5,4.36,"531025,"
NAM Securities Ltd.,538395,Finance - Stock Broking,58.29,1,2024-03,0.33,2024-03,176.1,,5.3,1,2023-03,0,0.26,0.51,"538395,"
Modern Engineering And Projects Ltd.,539762,Finance - Investment,56.36,1,2024-03,3.65,2024-03,15.46,,-77.37,1,2023-03,-1.4,0,-63.69,"539762,"
ICDS Ltd.,ICDSLTD,Finance - NBFC,55.94,2,2024-03,2.03,2024-03,27.49,,2.32,2,2023-03,0.01,1.73,2.67,"ICDSLTD,"
Ad-Manum Finance Ltd.,511359,Finance - NBFC,55.93,1,2024-03,7.7,2024-03,7.26,0.27,0.85,1,2023-03,0.12,8.45,11.57,"511359,"
Sainik Finance & Industries Ltd.,530265,Finance - NBFC,55.49,1,2024-03,2.01,2024-03,27.69,,1.48,1,2023-03,2.74,-0.25,9.18,"530265,"
Salem Erode Investments Ltd.,540181,Finance - NBFC,54.46,1,2024-03,-1.82,2024-03,0,,2.38,1,2023-03,0.42,-0.37,4.09,"540181,"
India Cements Capital Ltd.,511355,Finance - NBFC,54.27,2,2024-03,1.51,2024-03,35.96,,3.05,2,2023-03,2.73,4.53,1.54,"511355,"
Sulabh Engineers & Services Ltd.,508969,Finance - NBFC,53.25,2,2024-03,1.75,2024-03,37.4,,1.61,2,2023-03,0.11,4.76,5.2,"508969,"
Dynamic Portfolio Management & Services Ltd.,530779,Finance - NBFC,53.02,1,2024-03,0.01,2024-03,0,,4.43,1,2023-03,0.63,-5.61,-2.58,"530779,"
Gujarat Credit Corporation Ltd.,511441,Finance - NBFC,52.4,2,2024-03,0.02,2024-03,0,,1.72,2,2023-03,1.5,0.08,0.11,"511441,"
Kiduja India Ltd.,507946,Finance - NBFC,52.29,1,2024-03,33.94,2024-03,1.54,,-2.17,1,2023-03,-1.34,0,-7.65,"507946,"
Unifinz Capital India Ltd.,541358,Finance - NBFC,51.5,1,2024-03,-1.14,2024-03,0,,13.93,1,2023-03,1.3,-10.95,5.97,"541358,"
Ladderup Finance Ltd.,530577,Finance - NBFC,51.28,2,2024-03,-4.1,2024-03,0,,0.66,2,2023-03,0.02,-1.89,-1.07,"530577,"
Mehta Housing Finance Ltd.,511740,Finance - Housing,50.85,1,2024-03,-0.2,2024-03,0,,10.16,2,2024-03,0,-6.88,-6.88,"511740,"
Comfort Fincap Ltd.,535267,Finance - NBFC,49.86,2,2024-03,5.18,2024-03,9.69,0.65,0.91,2,2023-03,0.55,10.25,13.33,"535267,"
Morgan Ventures Ltd.,526237,Finance - NBFC,48.5,1,2024-03,9.94,2024-03,4.88,0.02,0.76,1,2023-03,2.91,13.05,5.73,"526237,"
Sai Capital Ltd.,531931,Finance - Investment,47.7,2,2024-03,-13.14,2024-03,0,,0.14,2,2023-03,0.04,0.73,1.67,"531931,"
Assam Entrade Ltd.,542911,Finance - Investment,47.17,2,2024-03,1.34,2024-03,35.23,0.55,0.76,2,2023-03,0.03,2.48,1.95,"542911,"
Viji Finance Ltd.,537820,Finance - NBFC,46.88,1,2024-03,0.15,2024-03,390.69,,2.21,2,2023-03,0.76,3.66,4.24,"537820,"
Utique Enterprises Ltd.,500014,Finance - Investment,46.54,1,2024-03,0.29,2024-03,162.17,7.04,0.66,1,2023-03,0,0.89,1.37,"500014,"
Gogia Capital Services Ltd.,531600,Finance - Stock Broking,46.02,1,2024-03,-22.61,2024-03,0,,1.88,1,2024-03,0.04,-63.01,-47.54,"531600,"
Inditrade Capital Ltd.,532745,Finance - Stock Broking,45.91,2,2024-03,2.93,2024-03,23.32,,0.39,2,2023-03,2.2,-16.12,3.52,"532745,"
Sellwin Traders Ltd.,538875,Finance - Investment,45.59,1,2024-03,0.86,2024-03,53.07,,1.16,1,2023-03,0,0.11,0.14,"538875,"
Ashirwad Capital Ltd.,512247,Finance - Investment,45.36,1,2024-03,1.55,2024-03,29.3,1.72,2.16,1,2024-03,0,9.62,10.76,"512247,"
Khandwala Securities Ltd.,KHANDSE,Finance - Stock Broking,44.97,2,2024-03,0.17,2024-03,258.44,12.32,1.52,2,2023-03,0.09,1.79,2.84,"KHANDSE,"
J Taparia Projects Ltd.,538539,Finance - Investment,44.95,1,2024-03,-6.32,2024-03,0,0,1.89,2,2023-03,0.01,1.78,1.79,"538539,"
Vertex Securities Ltd.,531950,Finance - Stock Broking,44.93,2,2024-03,0.47,2024-03,96.61,,4.7,2,2023-03,1.02,-5.87,3.88,"531950,"
Indianivesh Ltd.,501700,Finance - NBFC,44.77,2,2024-03,2.53,2024-03,17.69,,-1.31,2,2023-03,-3.35,0,-3.79,"501700,"
India Home Loan Ltd.,530979,Finance - Housing,44.26,1,2024-03,-3.45,2024-03,0,,1.07,1,2023-03,2.18,1.46,9.1,"530979,"
Odyssey Corporation Ltd.,531996,Finance - Investment,43.92,2,2024-03,3.56,2024-03,26.96,0.62,0.52,2,2023-03,0.03,2.06,2.16,"531996,"
Luharuka Media & Infra Ltd.,512048,Finance - NBFC,43.58,1,2024-03,0.61,2024-03,71.91,7.44,2.84,1,2023-03,0,4.61,7.26,"512048,"
Smart Finsec Ltd.,539494,Finance - NBFC,43.08,1,2024-03,2.36,2024-03,18.22,1.76,2.98,1,2023-03,0.12,12.35,14.3,"539494,"
Williamson Magor & Company Ltd.,WILLAMAGOR,Finance - NBFC,43.05,2,2024-03,-50.42,2024-03,0,0,-0.24,2,2023-03,-4.5,0,5.28,"WILLAMAGOR,"
GACM Technologies Ltd.,GATECH,Finance - Stock Broking,42.54,2,2024-03,1.13,2024-03,37.54,,-271.74,2,2023-03,-2.6,0,-0.97,"GATECH,"
Frontier Capital Ltd.,508980,Finance - NBFC,42.07,1,2024-03,0.11,2024-03,382.48,25.1,17.41,1,2023-03,0.03,12.9,10.06,"508980,"
Bombay Talkies Ltd.,511246,Finance - NBFC,41.9,1,2024-03,-0.18,2024-03,0,,8.64,1,2023-03,0,-9,-8.99,"511246,"
Sumedha Fiscal Services Ltd.,530419,Finance - Investment,41.2,2,2024-03,7.85,2024-03,5.38,,0.72,2,2023-03,0,3.02,3.85,"530419,"
Epuja Spiritech Ltd.,532092,Finance - Investment,40.36,1,2024-03,-0.48,2024-03,0,,2.41,1,2023-03,0.1,-3.6,-3.37,"532092,"
Qgo Finance Ltd.,538646,Finance - Investment,39.95,1,2024-03,2.65,2024-03,15.05,0.13,2.59,1,2023-03,5.27,14.26,13.34,"538646,"
Global Capital Markets Ltd.,530263,Finance - NBFC,39.03,1,2024-03,0.01,2024-03,0,0,0.85,1,2023-03,0,-0.35,-0.14,"530263,"
TTI Enterprise Ltd.,538597,Finance - NBFC,38.97,1,2024-03,0.23,2024-03,171.68,,1.42,1,2022-03,0,0.21,-0.23,"538597,"
Aastamangalam Finance Ltd.,511764,Finance - NBFC,38.49,1,2024-03,3.62,2024-03,10.69,0.28,1.02,1,2023-03,2.32,9.78,8.37,"511764,"
Gold Line International Finvest Ltd.,538180,Finance Term Lending,36.47,1,2023-09,0.12,2023-09,311.69,15.41,0.68,1,2022-03,0.01,0.33,0.39,"538180,"
MPIL Corporation Ltd.,500450,Finance - Others,36.35,1,2024-03,-0.59,2024-03,0,,2.53,1,2023-03,0.01,4.82,7.95,"500450,"
Greencrest Financial Services Ltd.,531737,Finance - NBFC,36.19,1,2024-03,1.31,2024-03,34.04,1.81,0.67,1,2023-03,0.47,2.41,4.17,"531737,"
RKD Agri & Retail Ltd.,511169,Finance - Investment,36.13,1,2024-03,0.06,2024-03,623.02,14.43,5.89,1,2023-03,-5.2,0,2.23,"511169,"
Hybrid Financial Services Ltd.,HYBRIDFIN,Finance - NBFC,35.59,2,2024-03,1.94,2024-03,18.35,0.79,1.19,2,2024-03,0.07,7.34,7.65,"HYBRIDFIN,"
Madhusudan Securities Ltd.,511000,Finance - Investment,35.49,1,2024-03,0.12,2024-03,293.35,144.95,0.62,1,2023-03,0,-0.25,-0.25,"511000,"
Munoth Financial Services Ltd.,531821,Finance - Investment,34.41,1,2024-03,0.19,2024-03,181.09,,4.82,1,2023-03,0.06,-3.4,-3.12,"531821,"
Nagreeka Capital & Infrastructure Ltd.,NAGREEKCAP,Finance - NBFC,33.62,1,2024-03,13.34,2024-03,2.52,,13.14,1,2023-03,-10.95,-488.21,7.55,"NAGREEKCAP,"
Consecutive Investments & Trading Company Ltd.,539091,Finance - Investment,33.31,1,2024-03,0.07,2024-03,197.11,,2.2,1,2023-03,0,2.01,2.68,"539091,"
NEIL Industries Ltd.,539016,Finance - NBFC,33.26,1,2024-03,2.51,2024-03,13.24,1.26,0.58,1,2023-03,0,3.43,4.52,"539016,"
Mask Investments Ltd.,MASKINVEST,Finance - Investment,32.86,1,2024-03,0.02,2024-03,0,,0.34,1,2023-03,0.01,0.07,0.12,"MASKINVEST,"
Abirami Financial Services (India) Ltd.,511756,Finance - Investment,32.74,1,2024-03,1.45,2024-03,22.55,0.16,1.59,1,2023-03,0,97.04,123.64,"511756,"
Oasis Securities Ltd.,512489,Finance - NBFC,32.74,1,2024-03,1.42,2024-03,23.14,,2.76,1,2023-03,0,-3.74,1.91,"512489,"
Stanrose Mafatlal Investments & Finance Ltd.,506105,Finance - Investment,32.66,2,2024-03,-7.45,2024-03,0,,0.68,2,2023-03,0.03,-0.97,-0.75,"506105,"
Kratos Energy & Infrastructure Ltd.,501261,Finance - NBFC,32.32,1,2024-03,-0.95,2024-03,0,,7.58,1,2023-03,0,-3.01,-3.07,"501261,"
HCKK Ventures Ltd.,539224,Finance - Investment,32.28,1,2024-03,0.26,2024-03,125.1,13.06,7.75,1,2023-03,0,-1.32,1.78,"539224,"
Roselabs Finance Ltd.,531324,Finance - NBFC,32.11,1,2024-03,-0.13,2024-03,0,,-7.63,1,2023-03,-1,0,0,"531324,"
HB Leasing & Finance Company Ltd.,508956,Finance - NBFC,31.96,1,2024-03,0.08,2024-03,409.75,,12.09,1,2023-03,0.02,8.84,8.52,"508956,"
Shree Securities Ltd.,538975,Finance - Investment,31.12,1,2024-03,-59.36,2024-03,0,,-0.88,1,2023-03,0,-0.88,-0.88,"538975,"
KJMC Financial Services Ltd.,530235,Finance - NBFC,30.81,2,2024-03,0.96,2024-03,35.74,,0.23,2,2023-03,0.1,-1.09,0.12,"530235,"
Dhanlaxmi Cotex Ltd.,512485,Finance - Investment,30.74,1,2024-03,2.71,2024-03,10.66,,0.43,1,2023-03,0,0.5,0.75,"512485,"
Nalin Lease Finance Ltd.,531212,Finance - NBFC,30.16,1,2024-03,3.85,2024-03,7.83,0.33,0.98,1,2023-03,0.06,11.43,15.06,"531212,"
SMIFS Capital Markets Ltd.,508905,Finance - Investment,29.99,2,2024-03,2.41,2024-03,12.45,,0.23,2,2023-03,0,0.44,0.63,"508905,"
Bampsl Securities Ltd.,531591,Finance - Investment,29.95,1,2024-03,0.39,2024-03,76.02,4.84,0.79,1,2023-03,0,1.15,1.38,"531591,"
JA Finance Ltd.,543860,Finance - Investment,29.82,1,2024-03,1.01,2024-03,29.43,0.48,1.5,1,2023-03,0.43,2.16,5.02,"543860,"
Intec Capital Ltd.,526871,Finance - NBFC,29.39,1,2023-12,-28.32,2023-12,0,0,0.7,2,2023-03,1.33,-52.14,-17.74,"526871,"
RRP Semiconductor Ltd.,504346,Finance - Investment,28.71,1,2024-03,0.01,2024-03,0,,3.6,1,2023-03,-1,0,-63.66,"504346,"
Suvifin Credit Solutions Ltd.,538647,Finance - NBFC,28.41,1,2024-03,11.15,2024-03,3.39,0.28,0.73,1,2023-03,1.97,1.28,4.72,"538647,"
Paragon Finance Ltd.,531255,Finance - NBFC,27.31,1,2024-03,0.86,2024-03,31.83,,0.87,1,2023-03,0.06,-0.49,-0.25,"531255,"
Adcon Capital Services Ltd.,539506,Finance - NBFC,27.18,1,2024-03,0.88,2024-03,30.1,,0.79,1,2023-03,0,-4.01,-3.94,"539506,"
Fruition Venture Ltd.,538568,Finance - Stock Broking,26.96,1,2023-12,-0.08,2023-12,0,,4.3,1,2023-03,0,1.32,-2.37,"538568,"
SP Capital Financing Ltd.,530289,Finance - NBFC,26.45,2,2024-03,0.58,2024-03,46.74,5.06,2.11,2,2023-03,0.63,2.13,2.88,"530289,"
JMJ Fintech Ltd.,538834,Finance - NBFC,26.33,1,2024-03,2.14,2024-03,12.31,0.36,1.65,1,2023-03,0,6.84,8.63,"538834,"
KJMC Corporate Advisors (India) Ltd.,532304,Finance - Stock Broking,26.31,2,2024-03,2.3,2024-03,11.43,,0.45,2,2023-03,0.02,-0.23,0.06,"532304,"
Indergiri Finance Ltd.,531505,Finance - NBFC,26.21,1,2024-03,-0.65,2024-03,0,,6.03,1,2023-03,0,0.19,0.74,"531505,"
Cil Securities Ltd.,530829,Finance - Stock Broking,26.09,1,2024-03,2.88,2024-03,9.05,0.13,0.87,1,2024-03,0,10.34,14.9,"530829,"
My Money Securities Ltd.,538862,Finance - Stock Broking,25.96,1,2024-03,2.08,2024-03,12.47,0.54,1.32,1,2023-03,0.1,1.67,1.22,"538862,"
Blue Chip India Ltd.,BLUECHIP,Finance - Investment,25.61,1,2024-03,-2.94,2024-03,0,,13.8,1,2023-03,0,15.91,15.92,"BLUECHIP,"
Shreevatsa Finance & Leasing Ltd.,532007,Finance - NBFC,25.54,1,2024-03,0.58,2024-03,58.45,7.91,1.14,1,2023-03,0,1.55,2.13,"532007,"
Gajanan Securities Services Ltd.,538609,Finance - Stock Broking,25.44,2,2024-03,0.16,2024-03,25.93,0.91,0.22,2,2023-03,0,-0.11,-0.1,"538609,"
Jackson Investments Ltd.,538422,Finance - Investment,25.29,1,2024-03,-0.09,2024-03,0,0,0.79,1,2023-03,0,0.97,1.27,"538422,"
Challani Capital Ltd.,530747,Finance - NBFC,25.2,1,2024-03,0.54,2024-03,49.7,2.42,4.42,1,2023-03,0.17,24.15,20.9,"530747,"
Jindal Capital Ltd.,530405,Finance - Investment,25.16,1,2024-03,0.89,2024-03,28.23,12.03,2.5,1,2023-03,0.13,1.37,2.68,"530405,"
Sahara Housingfina Corporation Ltd.,511533,Finance - Housing,25.13,1,2024-03,1.4,2024-03,17.89,,0.49,1,2023-03,0.98,2.86,6.36,"511533,"
Invigorated Business Consulting Ltd.,511716,Finance - NBFC,25.04,1,2024-03,-0.2,2024-03,0,,-0.14,1,2024-03,-0.05,0,0,"511716,"
Karnavati Finance Ltd.,538928,Finance - Investment,25.02,1,2024-03,-1.67,2024-03,0,,2.07,1,2023-03,0.94,4.22,5.37,"538928,"
Gujarat Lease Financing Ltd.,GLFL,Finance - NBFC,24.9,1,2024-03,0.09,2024-03,286.22,14.22,-5.95,1,2023-03,-2.36,0,3.28,"GLFL,"
Kapil Raj Finance Ltd.,539679,Finance - NBFC,24.65,1,2024-03,-0.01,2024-03,0,0,1.83,1,2023-03,0.04,4.22,4.4,"539679,"
Easun Capital Markets Ltd.,542906,Finance - Investment,24.6,1,2024-03,0.7,2024-03,34.9,,1.17,1,2023-03,0,1.22,2.21,"542906,"
NDA Securities Ltd.,511535,Finance - Stock Broking,24.39,2,2024-03,0.63,2024-03,38.65,,2.25,2,2023-03,0.07,9.47,3.52,"511535,"
Comfort Commotrade Ltd.,534691,Finance - Stock Broking,24.2,2,2024-03,16.71,2024-03,1.45,,0.52,2,2023-03,0.42,-7.46,-0.81,"534691,"
Tradewell Holdings Ltd.,531203,Finance - Investment,24.11,1,2024-03,2.44,2024-03,9.76,1.09,3.76,1,2023-03,0.09,-9.74,-6.89,"531203,"
Bervin Investment & Leasing Ltd.,531340,Finance - Investment,23.91,1,2024-03,8.73,2024-03,2.78,,0.64,1,2023-03,0,-35.78,-32.57,"531340,"
Yash Management & Satellite Ltd.,511601,Finance - Investment,23.8,2,2024-03,-1.62,2024-03,0,,1.01,2,2023-03,0.55,-7.52,0.94,"511601,"
Franklin Leasing And Finance Ltd.,539839,Finance - NBFC,23.52,1,2024-03,0.19,2024-03,125.08,,0.63,1,2023-03,2.21,0.41,8.52,"539839,"
Anupam Finserv Ltd.,530109,Finance - NBFC,23.36,1,2024-03,0.94,2024-03,24.96,2.19,1.5,1,2023-03,0.27,5.43,7.52,"530109,"
Daulat Securities Ltd.,530171,Finance - Stock Broking,23.14,1,2024-03,3.49,2024-03,6.63,1.09,1.1,1,2023-03,0,2.69,3.5,"530171,"
Continental Securities Ltd.,538868,Finance - NBFC,23.02,1,2024-03,0.76,2024-03,30.1,0.33,1.75,1,2023-03,0.01,8.77,11.87,"538868,"
Easy Fincorp Ltd.,511074,Finance - Investment,23,1,2024-03,-0.16,2023-06,0,,1.88,1,2023-03,0.14,-1.95,-0.55,"511074,"
TCI Finance Ltd.,501242,Finance - NBFC,22.63,1,2024-03,-0.48,2024-03,0,,-0.35,1,2023-03,-0.18,0,0,"501242,"
Onelife Capital Advisors Ltd.,533632,Finance - Investment,22.58,2,2024-03,0.63,2024-03,58.34,,0.45,2,2023-03,0.16,-2.98,-1.01,"533632,"
Stephanotis Finance Ltd.,512215,Finance - NBFC,22.52,1,2023-06,-0.14,2023-06,0,0,0.88,1,2022-03,0.04,-0.1,-0.11,"512215,"
Indus Finance Ltd.,531841,Finance - NBFC,22.5,1,2024-03,0.75,2024-03,30,0.97,1.2,1,2024-03,0.77,4.84,7.09,"531841,"
Pro Fin Capital Services Ltd.,511557,Finance - NBFC,22.26,1,2024-03,-0.26,2024-03,0,,0.76,1,2023-03,9.58,1.93,4.42,"511557,"
Margo Finance Ltd.,500206,Finance - NBFC,22.16,1,2024-03,0.24,2024-03,91.59,,0.13,1,2023-03,0,-0.85,-0.52,"500206,"
Glance Finance Ltd.,531199,Finance - NBFC,21.88,1,2024-03,1.94,2024-03,11.27,,0.57,1,2023-03,0.51,-1.19,1.96,"531199,"
Sharp Investments Ltd.,538212,Finance - Investment,21.79,1,2024-03,0,2024-03,0,,0.76,1,2023-03,0,0,0,"538212,"
Shrydus Industries Ltd.,511493,Finance - Investment,21.6,1,2024-03,0.52,2024-03,41.14,0.41,3.71,1,2023-03,0.97,22.96,9.33,"511493,"
Libord Finance Ltd.,511593,Finance - NBFC,21.57,2,2024-03,0.2,2024-03,10.89,,1.21,2,2023-03,0,0.51,0.88,"511593,"
Ajcon Global Services Ltd.,511692,Finance - Investment,21.41,2,2024-03,1.3,2024-03,17.09,0.13,0.93,2,2024-03,0.44,5.82,7.41,"511692,"
Garbi Finvest Ltd.,539492,Finance - NBFC,21.19,1,2024-03,-0.9,2024-03,0,0,0.29,1,2023-03,0,6.16,8.32,"539492,"
Sujala Trading & Holdings Ltd.,539117,Finance - Investment,21.14,1,2024-03,-0.17,2024-03,0,,1.33,1,2023-03,0.39,0.68,0.61,"539117,"
SPA Capital Services Ltd.,542376,Finance - Investment,20.84,2,2024-03,0.38,2024-03,32.16,,1.23,2,2023-03,1.34,1.71,1.71,"542376,"
Sterling Guaranty & Finance Ltd.,508963,Finance - NBFC,20.59,1,2024-03,-0.07,2024-03,0,0,-26.93,1,2023-03,-1.01,0,585.1,"508963,"
Parshwanath Corporation Ltd.,511176,Finance - Housing,20.42,1,2024-03,0.51,2024-03,39.65,1.05,1.76,1,2023-03,0.03,2.65,3.08,"511176,"
Sarvottam Finvest Ltd.,539124,Finance - NBFC,20.4,1,2024-03,0.47,2024-03,43.04,,0.82,1,2023-03,0,-4.66,-4.88,"539124,"
RR Financial Consultants Ltd.,511626,Finance - Investment,20.31,2,2024-03,0.43,2024-03,54.88,16.56,0.45,2,2023-03,0.17,1.29,2.41,"511626,"
Richfield Financial Services Ltd.,539435,Finance - NBFC,19.6,1,2024-03,0.86,2024-03,30.2,,2.28,1,2023-03,0,0.11,0.09,"539435,"
ISF Ltd.,526859,Finance - NBFC,19.57,1,2024-03,-0.74,2024-03,0,,1.46,1,2023-03,0.13,0.05,0.46,"526859,"
Modern Shares & Stockbrokers Ltd.,509760,Finance - Stock Broking,19.21,1,2024-03,0.39,2024-03,48.38,,1.49,1,2023-03,0.13,1.52,1.97,"509760,"
Kartik Investments Trust Ltd.,501151,Finance - Investment,19.17,1,2024-03,-0.01,2024-03,0,,4.29,1,2023-03,0,-0.65,-0.65,"501151,"
Sugal & Damani Share Brokers Ltd.,511654,Finance - Stock Broking,18.97,1,2024-03,2.31,2024-03,8.2,,0.89,1,2023-03,0.06,5.24,7.93,"511654,"
Helpage Finlease Ltd.,539174,Finance - NBFC,18.9,1,2024-03,0.87,2024-03,21.65,1.03,1.23,1,2024-03,2.88,5.86,6.78,"539174,"
GCM Securities Ltd.,535431,Finance - Stock Broking,18.81,1,2024-03,-0.38,2024-03,0,,1.69,1,2023-03,0,-9.25,-9.11,"535431,"
Manraj Housing Finance Ltd.,530537,Finance - Housing,18.73,1,2024-03,-0.11,2024-03,0,0,-30.89,1,2023-03,-39.88,0,-0.69,"530537,"
Marg Techno Projects Ltd.,540254,Finance - NBFC,18.71,1,2024-03,0.14,2024-03,134.63,1.74,2.78,1,2023-03,2.68,7.75,9.37,"540254,"
Prism Finance Ltd.,531735,Finance - NBFC,18.63,1,2024-03,5.16,2024-03,3.61,,0.8,1,2023-03,0.02,-20.02,-19.15,"531735,"
SRG Securities Finance Ltd.,536710,Finance - NBFC,18.28,1,2024-03,0.47,2024-03,38.72,37.87,1.27,1,2023-03,0,3.79,5.03,"536710,"
Premier Capital Services Ltd.,511016,Finance - NBFC,18.27,1,2024-03,-12.5,2024-03,0,,2.64,1,2023-03,0.02,-0.57,-0.57,"511016,"
GACM Technologies Ltd. - (DVR),GATECHDVR,Finance - Stock Broking,18.03,1,2024-03,1.1,2018-03,0,,,1,-0,,,,"GATECHDVR,"
Amarnath Securities Ltd.,538465,Finance - Investment,17.94,1,2024-03,0.19,2024-03,95.94,,4.19,1,2023-03,0.21,4.87,4.94,"538465,"
Onesource Ideas Venture Ltd.,530805,Finance - Others,17.84,1,2024-03,0.04,2024-03,445.88,3.93,2.99,1,2023-03,0.11,5.16,4.9,"530805,"
Amrapali Capital & Finance Services Ltd.,536737,Finance - Stock Broking,17.79,1,2024-03,0.94,2023-03,0,,0.22,1,2023-03,0.11,-0.99,-0.05,"536737,"
Sita Enterprises Ltd.,512589,Finance - NBFC,17.7,1,2024-03,2.82,2024-03,6.29,0.48,1.26,1,2023-03,0,3.76,4.06,"512589,"
First Custodian Fund (India) Ltd.,511122,Finance - Investment,17.67,1,2024-03,1.64,2024-03,10.78,,1.27,1,2023-03,0.01,3.85,5.58,"511122,"
United Credit Ltd.,531091,Finance - NBFC,17.57,1,2024-03,1.64,2024-03,10.75,5.9,0.61,1,2023-03,0,2.7,3.23,"531091,"
Enbee Trade & Finance Ltd.,512441,Finance - NBFC,17.33,1,2024-03,1.56,2024-03,11.12,,0.57,1,2023-03,2.35,1.73,5.72,"512441,"
Mansi Finance (Chennai) Ltd.,511758,Finance - NBFC,17.32,1,2024-03,2.07,2024-03,8.37,9.91,0.5,1,2023-03,1.06,6.34,8.34,"511758,"
Golechha Global Finance Ltd.,531360,Finance - NBFC,17.32,1,2024-03,1.48,2024-03,11.72,,2,1,2023-03,0,-20.98,-27.92,"531360,"
Mehta Integrated Finance Ltd.,511377,Finance - Investment,17.15,1,2024-03,1.54,2024-03,11.11,0.54,1.02,1,2023-03,0.12,3.81,3.41,"511377,"
Amrapali Fincap Ltd.,539265,Finance - NBFC,17.1,1,2024-03,0.08,2023-03,28.88,,0.11,1,2023-03,0,0.4,0.44,"539265,"
BFL Asset Finvest Ltd.,539662,Finance - NBFC,16.84,1,2024-03,2.3,2024-03,7.32,0.12,1.14,1,2023-03,0.17,3.05,3.91,"539662,"
Rita Finance and Leasing Ltd.,543256,Finance - NBFC,16.7,1,2024-03,0.4,2024-03,41.75,0.41,1.07,1,2023-03,0,4.94,6.59,"543256,"
Econo Trade (India) Ltd.,538708,Finance - Investment,16.6,1,2024-03,2.53,2024-03,6.57,0.16,0.38,1,2023-03,0.57,4.68,7.2,"538708,"
Seven Hill Industries Ltd.,511760,Finance - Investment,16.51,1,2024-03,2.29,2024-03,5.17,0.23,2.08,1,2023-03,1.09,2.62,1.25,"511760,"
KK Fincorp Ltd.,503669,Finance - NBFC,16.34,2,2024-03,-0.03,2024-03,255.32,8.16,0.96,2,2023-03,0,4.34,4.84,"503669,"
Yunik Managing Advisors Ltd.,533149,Finance - Investment,16.15,1,2024-03,-0.32,2024-03,0,,36.45,1,2024-03,0,-53.76,-53.86,"533149,"
Tokyo Finance Ltd.,531644,Finance - NBFC,15.94,1,2024-03,1.09,2024-03,14.65,0.16,1.36,1,2023-03,0,1.21,1.47,"531644,"
Svaraj Trading & Agencies Ltd.,503624,Finance - Investment,15.74,1,2024-03,-0.01,2024-03,0,,0.27,1,2023-03,0,-0.15,-0.06,"503624,"
Swarna Securities Ltd.,531003,Finance - NBFC,15.74,1,2024-03,0.72,2024-03,22.01,1.2,2.73,1,2024-03,0,13.24,16.2,"531003,"
CFSL Ltd.,511710,Finance - NBFC,15.51,1,2024-03,1.16,2024-03,13.39,,1.05,1,2023-03,0,-2.08,-1.43,"511710,"
Indo-City Infotech Ltd.,532100,Finance - NBFC,15.5,1,2024-03,0.39,2024-03,39.94,,1.19,1,2023-03,0.01,-1,0.03,"532100,"
Prime Capital Market Ltd.,535514,Finance - NBFC,15.39,1,2024-03,0.01,2024-03,0,0,1.62,1,2023-03,0.02,0.05,0.08,"535514,"
Abhishek Finlease Ltd.,538935,Finance - NBFC,15.35,1,2024-03,0.17,2024-03,90.29,19.11,3.47,1,2023-03,0.02,2.58,3.4,"538935,"
AF Enterprises Ltd.,538351,Finance - Investment,15.16,2,2024-03,-0.35,2024-03,0,,0.45,2,2023-03,0.27,1.77,3.78,"538351,"
Vikalp Securities Ltd.,531334,Finance - Investment,15.11,1,2024-03,0.02,2024-03,795.1,,3.37,1,2023-03,0.02,-0.09,0.13,"531334,"
Inani Securities Ltd.,531672,Finance - Stock Broking,15.04,1,2024-03,1.32,2024-03,11.39,,0.77,1,2023-03,0.01,2.61,4.68,"531672,"
Avasara Finance Ltd.,511730,Finance - NBFC,14.83,1,2024-03,0.22,2024-03,68.67,4.12,6.04,1,2023-03,0,1.28,1.28,"511730,"
Jindal Leasefin Ltd.,539947,Finance - Investment,14.74,1,2024-03,-0.16,2024-03,0,,1.82,1,2023-03,0,-1.27,-1.5,"539947,"
Dalal Street Investments Ltd.,501148,Finance - Investment,14.55,1,2024-03,0.12,2024-03,119.28,,2.78,1,2023-03,0.24,1.47,2.94,"501148,"
Ladam Affordable Housing Ltd.,540026,Finance - Investment,14.5,2,2024-03,-0.09,2024-03,0,,0.53,2,2023-03,0.34,-0.69,-0.42,"540026,"
Rapid Investments Ltd.,501351,Finance - NBFC,14.4,1,2024-03,0.2,2023-12,86.26,,6.28,1,2023-03,0,1.61,2.89,"501351,"
Rich Universe Network Ltd.,530271,Finance - Investment,14.39,1,2024-03,-0.1,2024-03,0,,1.95,1,2023-03,0.2,0.11,0.03,"530271,"
Integrated Capital Services Ltd.,539149,Finance - NBFC,14.38,2,2024-03,-0.02,2024-03,0,0,1.86,2,2024-03,0.28,-0.3,-0.78,"539149,"
Beryl Securities Ltd.,531582,Finance - NBFC,14.37,1,2024-03,0.17,2024-03,83.54,,1.45,1,2023-03,0,1.42,2.1,"531582,"
Bharat Bhushan Finance & Commodity Brokers Ltd.,511501,Finance - Investment,14.33,1,2024-03,0.22,2024-03,66.05,,0.6,1,2023-03,0,0.6,0.89,"511501,"
Aroma Enterprises (India) Ltd.,531560,Finance - Investment,14.28,1,2023-12,-0.1,2023-12,0,,-7.26,1,2023-03,-3.42,0,-5.82,"531560,"
India Lease Development Ltd.,500202,Finance - NBFC,14.26,1,2024-03,-0.15,2024-03,0,,1.29,1,2023-03,0,-0.78,-0.77,"500202,"
Alexander Stamps And Coin Ltd.,511463,Finance - Investment,14.2,1,2024-03,-0.1,2024-03,0,,0.84,1,2023-03,0,-0.1,-0.09,"511463,"
Gilada Finance & Investments Ltd.,538788,Finance - Stock Broking,14.19,1,2024-03,1.71,2024-03,8.33,0.56,0.78,1,2023-03,0.4,9.29,13.75,"538788,"
Gemstone Investments Ltd.,531137,Finance - NBFC,14.13,1,2024-03,0.35,2024-03,40.14,,0.58,1,2023-03,0,0.96,1.11,"531137,"
DCM Financial Services Ltd.,DCMFINSERV,Finance - NBFC,14.12,2,2024-03,-0.94,2024-03,0,,-0.29,2,2023-03,-1.54,0,-2.96,"DCMFINSERV,"
Step Two Corporation Ltd.,531509,Finance - NBFC,14.05,1,2024-03,-0.3,2024-03,0,0,2.65,1,2023-03,0,9.29,11.84,"531509,"
Sumeru Industries Ltd.,530445,Finance - Investment,14.04,1,2024-03,0,2024-03,0,,1.36,1,2024-03,0.01,0.02,0.88,"530445,"
Decillion Finance Ltd.,539190,Finance - Investment,14,1,2024-03,-0.03,2024-03,0,,1.13,1,2023-03,0.06,-0.52,-0.24,"539190,"
Shricon Industries Ltd.,508961,Finance - Investment,13.99,1,2024-03,0.87,2024-03,16.07,0.61,3.24,1,2024-03,0,22.36,20.76,"508961,"
Trinity League India Ltd.,531846,Finance - Others,13.97,2,2024-03,-0.06,2024-03,0,,2.41,2,2023-03,0,2.54,5.41,"531846,"
Prism Medico and Pharmacy Ltd.,512217,Finance - Investment,13.93,1,2024-03,-0.02,2024-03,0,,0.92,1,2023-03,0,-0.55,-0.74,"512217,"
NPR Finance Ltd.,530127,Finance - NBFC,13.78,1,2024-03,1.09,2024-03,12.69,,0.3,1,2023-03,0.06,-4.68,-5.81,"530127,"
Disha Resources Ltd.,531553,Finance - Investment,13.75,1,2024-03,3.02,2024-03,4.55,0.27,0.36,1,2023-03,0.06,1.23,1.3,"531553,"
SI Capital & Financial Services Ltd.,530907,Finance - Investment,13.68,1,2024-03,-0.72,2024-03,0,0,3.1,1,2023-03,0.73,-3.58,0.64,"530907,"
Anjani Finance Ltd.,531878,Finance - NBFC,13.61,2,2024-03,0.49,2024-03,20.81,,0.93,2,2023-03,0.3,7.99,9.69,"531878,"
Esaar (India) Ltd.,531502,Finance - NBFC,13.53,1,2024-03,-0.52,2024-03,0,0,0.37,1,2023-03,2.91,11.36,9.54,"531502,"
Abhinav Leasing & Finance Ltd.,538952,Finance - NBFC,13.44,1,2024-03,-0.48,2024-03,78.62,3.72,2.3,1,2023-03,5.36,1.73,12.89,"538952,"
Shalimar Agencies Ltd.,539895,Finance - Investment,13.43,1,2024-03,-0.05,2024-03,0,0,4.79,1,2023-03,0,-2.96,-2.97,"539895,"
BCL Enterprises Ltd.,539621,Finance - NBFC,13.29,1,2024-03,-2.56,2024-03,0,,1.04,1,2023-03,0,-5.81,-4.32,"539621,"
Goenka Business & Finance Ltd.,538787,Finance - NBFC,13,1,2024-03,2.39,2024-03,5.93,0.34,0.41,1,2023-03,0,0.5,37.46,"538787,"
Shyamkamal Investments Ltd.,505515,Finance - NBFC,12.88,1,2024-03,-0.21,2024-03,0,0,3.55,1,2024-03,0.09,-7.54,-6.93,"505515,"
Arunis Abode Ltd.,526935,Finance - Investment,12.86,2,2024-03,0.46,2024-03,32.64,,1.99,2,2023-03,0.57,2.98,7.95,"526935,"
Vani Commercials Ltd.,538918,Finance - NBFC,12.68,1,2024-03,0.3,2024-03,52.83,,0.95,1,2023-03,0.71,-3.45,0.92,"538918,"
Mahamaya Investments Ltd.,511187,Finance - Investment,12.5,2,2024-03,-0.28,2024-03,0,,2.93,2,2023-03,0.42,-9.12,-8.22,"511187,"
Gowra Leasing & Finance Ltd.,530709,Finance - NBFC,12.38,1,2024-03,2.21,2024-03,5.6,1.06,0.71,1,2023-03,0,7.05,10.49,"530709,"
Panafic Industrials Ltd.,538860,Finance - NBFC,12.32,1,2024-03,0.36,2024-03,586.61,22.56,1.25,1,2023-03,0,1.06,1.71,"538860,"
Bridge Securities Ltd.,530249,Finance - Investment,12.27,1,2024-03,0.52,2024-03,23.74,,12.98,1,2023-03,0,-88.87,-97.08,"530249,"
Polytex India Ltd.,512481,Finance - NBFC,12.23,1,2024-03,-0.16,2024-03,0,,4.74,1,2023-03,0.03,-2.69,-5.18,"512481,"
GCM Capital Advisors Ltd.,538319,Finance - Investment,12.2,1,2024-03,0.52,2024-03,23.68,,0.42,1,2023-03,0.03,-23.28,-22.35,"538319,"
Harmony Capital Services Ltd.,530055,Finance - Investment,12.18,1,2024-03,-0.06,2024-03,0,,9,1,2023-03,0,7.18,8.74,"530055,"
GSB Finance Ltd.,511543,Finance - Investment,12.04,1,2024-03,1.26,2024-03,9.58,,1,1,2023-03,0.53,0.61,3.01,"511543,"
Octal Credit Capital Ltd.,538894,Finance - NBFC,12,2,2024-03,0.11,2024-03,2.94,,0.63,2,2023-03,0,-3.4,-4.62,"538894,"
Moongipa Capital Finance Ltd.,530167,Finance - NBFC,11.51,1,2024-03,1.74,2024-03,6.6,,1.81,1,2023-03,0.03,-28.04,-41.02,"530167,"
Pankaj Piyush Trade And Investment Ltd.,506122,Finance - Investment,11.44,1,2024-03,-4.52,2024-03,0,,0.55,1,2023-03,0.08,-0.21,-0.09,"506122,"
RGF Capital Markets Ltd.,539669,Finance - NBFC,11.4,1,2024-03,0,2024-03,0,,0.82,1,2023-03,0,0.01,0.02,"539669,"
VB Industries Ltd.,539123,Finance - Investment,11.36,1,2024-03,0.08,2024-03,138.59,29.4,0.12,1,2023-03,0,0.12,0.16,"539123,"
Vedant Asset Ltd.,543623,Finance - Asset Management,11.32,1,2024-03,0.24,2024-03,48.16,,2.18,2,2023-03,0,7.78,10.86,"543623,"
Pyxis Finvest Ltd.,534109,Finance - NBFC,11.23,1,2024-03,1.56,2023-03,9.39,,0.62,1,2023-03,0,6.88,12.03,"534109,"
ArihantS Securities Ltd.,531017,Finance - Investment,11.1,1,2024-03,1.03,2024-03,10.71,0.67,0.29,1,2023-03,0,2.71,3.63,"531017,"
Photon Capital Advisors Ltd.,509084,Finance - Investment,11.06,2,2024-03,-2.58,2024-03,0,,1.34,2,2023-03,0,-3.57,-3.02,"509084,"
Gallops Enterprises Ltd.,531902,Finance - NBFC,11.05,1,2024-03,0,2024-03,0,0,7.16,1,2023-03,0,-2.76,-2.76,"531902,"
Market Creators Ltd.,526891,Finance - Investment,10.95,1,2024-03,-0.03,2024-03,0,0,1.09,1,2023-03,0.43,0.89,6.36,"526891,"
Bazel International Ltd.,539946,Finance - Investment,10.92,1,2024-03,0.36,2024-03,30.77,,0.25,1,2023-03,0.17,-3.89,-1.22,"539946,"
Adinath Exim Resources Ltd.,532056,Finance - Investment,10.5,1,2024-03,0.56,2024-03,18.88,1.68,0.55,1,2023-03,0,4.18,4.06,"532056,"
Navigant Corporate Advisors Ltd.,539521,Finance - Investment,10.31,1,2024-03,1.18,2024-03,8.76,4.64,1.1,1,2023-03,0,9.64,13.73,"539521,"
Siddha Ventures Ltd.,530439,Finance - Investment,10.15,2,2024-03,0.78,2024-03,12.83,0.26,0.25,2,2023-03,0,72.62,72.68,"530439,"
Stellar Capital Services Ltd.,536738,Finance - NBFC,10.06,1,2024-03,-0.77,2024-03,0,,0.22,1,2023-03,0,-1.63,-1.64,"536738,"
Longspur International Ventures Ltd.,504340,Finance - Others,9.87,1,2024-03,0.41,2024-03,21.79,2.53,0.34,1,2023-03,0.02,0.34,0.8,"504340,"
Ushakiran Finance Ltd.,511507,Finance - NBFC,9.87,1,2024-03,0.08,2024-03,121.88,38.2,0.52,1,2023-03,0,1.15,0.59,"511507,"
KZ Leasing & Finance Ltd.,511728,Finance - NBFC,9.68,1,2024-03,0.72,2024-03,13.41,0.56,0.47,1,2023-03,0.22,2.24,3.33,"511728,"
Rajputana Investment & Finance Ltd.,539090,Finance - Investment,9.63,1,2024-03,0.52,2024-03,18.62,0.21,2.6,1,2024-03,0,15.04,20.32,"539090,"
Ashtasidhhi Industries Ltd.,531341,Finance - NBFC,9.61,1,2024-03,-0.39,2024-03,0,0,0.95,1,2023-03,0,0.38,0.49,"531341,"
Integra Capital Ltd.,531314,Finance - NBFC,9.55,1,2024-03,0.96,2024-03,9.95,,2.06,1,2023-03,0,-7.98,-7.68,"531314,"
FGP Ltd.,500142,Finance - NBFC,9.52,1,2024-03,0.26,2024-03,36.6,,2.74,1,2023-03,0,-22.77,-17.58,"500142,"
Libord Securities Ltd.,531027,Finance - Investment,9.46,1,2024-03,0.37,2024-03,25.38,,2.18,1,2023-03,0,1.86,2.49,"531027,"
GK Consultants Ltd.,531758,Finance - NBFC,9.44,1,2024-03,0.14,2024-03,66.51,,1.38,1,2023-03,0.02,-2.31,-2.66,"531758,"
Goyal Associates Ltd.,530663,Finance - NBFC,9.29,1,2024-03,0.73,2024-03,15.11,0.24,2.8,1,2023-03,0.48,25,20.48,"530663,"
Hasti Finance Ltd.,531387,Finance - NBFC,9.14,1,2024-03,-0.51,2024-03,0,,0.45,1,2023-03,0,-1.62,-2.15,"531387,"
Sanchay Finvest Ltd.,511563,Finance - Investment,9.13,1,2023-12,0.04,2023-12,203,1.6,2.7,1,2023-03,0,7.2,7.24,"511563,"
Aravali Securities & Finance Ltd.,512344,Finance - Investment,8.99,1,2024-03,-0.44,2024-03,0,0,-14.34,1,2024-03,-5.82,0,-3.42,"512344,"
Agarwal Fortune India Ltd.,530765,Finance - NBFC,8.94,1,2024-03,0.1,2024-03,92.12,4.57,20.76,1,2023-03,0.31,18.75,21.33,"530765,"
Nexus Surgical And Medicare Ltd.,538874,Finance - Stock Broking,8.89,1,2024-03,0.21,2024-03,41.53,2.04,14.57,1,2023-03,0,63.79,86.02,"538874,"
Mehta Securities Ltd.,511738,Finance - Investment,8.76,1,2024-03,-0.15,2024-03,0,0,1.63,1,2023-03,0,2.11,2.11,"511738,"
Rajath Finance Ltd.,507962,Finance - NBFC,8.72,1,2024-03,-1.34,2023-12,0,0,1.38,1,2023-03,0.09,-1.61,-1.49,"507962,"
VB Desai Financial Services Ltd.,511110,Finance - Investment,8.58,1,2024-03,0.47,2024-03,18.37,0.58,0.75,1,2023-03,0,2.85,4.09,"511110,"
Ramsons Projects Ltd.,530925,Finance - NBFC,8.52,1,2024-03,-0.25,2024-03,2.65,,0.81,1,2023-03,0.12,-0.55,0.28,"530925,"
GSL Securities Ltd.,530469,Finance - NBFC,8.39,1,2024-03,0.46,2024-03,18,,1.47,1,2023-03,0,-2.03,-2.03,"530469,"
Mahan Industries Ltd.,531515,Finance - NBFC,8.35,1,2024-03,-0.05,2024-03,0,0,2.74,1,2023-03,1.12,-0.75,0.03,"531515,"
Wagend Infra Venture Ltd.,503675,Finance - Investment,8.29,1,2024-03,-0.01,2024-03,0,,0.9,1,2023-03,0,0.38,0.41,"503675,"
Shree Salasar Investments Ltd.,503635,Finance - Investment,8.2,2,2024-03,0.79,2023-09,23.76,0.25,0.25,2,2023-03,2.35,0.58,0.44,"503635,"
Sri Amarnath Finance Ltd.,538863,Finance - NBFC,7.75,1,2024-03,2.74,2022-12,3.06,0.12,0.11,1,2023-03,0,3.76,4.81,"538863,"
Kumbhat Financial Services Ltd.,526869,Finance - NBFC,7.64,1,2024-03,-1.79,2024-03,0,0,2.9,1,2023-03,0,2.2,2.52,"526869,"
Shri Niwas Leasing And Finance Ltd.,538897,Finance - Investment,7.64,1,2024-03,-1.37,2023-12,0,0,2.43,1,2023-03,0,-0.37,0.23,"538897,"
Krishna Capital And Securities Ltd.,539384,Finance - NBFC,7.63,2,2024-03,0.13,2024-03,51.19,,1.21,2,2023-03,0,2.44,2.89,"539384,"
N2N Technologies Ltd.,512279,Finance - Investment,7.62,1,2024-03,-0.03,2024-03,0,,1.61,1,2023-03,0.03,0.68,0.46,"512279,"
Minolta Finance Ltd.,532164,Finance - NBFC,7.6,1,2024-03,0.07,2024-03,149.02,,0.75,1,2023-03,0.09,0.48,0.61,"532164,"
Ramchandra Leasing & Finance Ltd.,538540,Finance - NBFC,7.21,1,2024-03,0.02,2024-03,424.34,,1.32,1,2023-03,0.06,0.25,0.31,"538540,"
JJ Finance Corporation Ltd.,523062,Finance - NBFC,7.11,1,2024-03,0.37,2024-03,19.47,,0.74,1,2023-03,0,0.87,2.08,"523062,"
Clio Infotech Ltd.,530839,Finance - Investment,6.98,1,2024-03,0.02,2024-03,349.05,,0.68,1,2023-03,0.53,-2.86,0.98,"530839,"
Jagsonpal Finance & Leasing Ltd.,530601,Finance - NBFC,6.83,1,2024-03,0.36,2024-03,19.08,1.52,7.07,1,2023-03,0,-9.96,-9.94,"530601,"
Thirani Projects Ltd.,538464,Finance - NBFC,6.67,1,2024-03,-6.38,2024-03,0,,0.52,1,2023-03,0,-3.59,-3.59,"538464,"
Ganesh Holdings Ltd.,504397,Finance - NBFC,6.51,1,2024-03,-0.04,2024-03,0,0,3.23,1,2023-03,0,1.54,1.92,"504397,"
SW Investments Ltd.,503659,Finance - Investment,6.51,1,2024-03,0.05,2024-03,127.68,,0.84,1,2023-03,0,0.4,0.53,"503659,"
Vintage Securities Ltd.,531051,Finance - NBFC,6.5,1,2024-03,0,2024-03,0,0,0.44,1,2023-03,0,0.38,0.43,"531051,"
Williamson Financial Services Ltd.,519214,Finance - NBFC,6.25,1,2024-03,-4.72,2024-03,0,0,-0.02,1,2023-03,-1.35,0,-12.5,"519214,"
Citi Port Financial Services Ltd.,531235,Finance - NBFC,5.99,1,2024-03,0.03,2024-03,230.35,6.32,1.93,1,2023-03,0,0.73,0.98,"531235,"
Aryan Share And Stock Brokers Ltd.,542176,Finance - Stock Broking,5.99,1,2024-03,0.51,2024-03,11.79,0.9,0.39,1,2023-03,0,3.76,4.92,"542176,"
Mathew Easow Research Securities Ltd.,511688,Finance - NBFC,5.95,1,2024-03,0.06,2024-03,97.46,,0.4,1,2023-03,2.28,0.32,3.76,"511688,"
Lead Financial Services Ltd.,531288,Finance - NBFC,5.94,1,2024-03,0.25,2024-03,24.15,,0.99,1,2023-03,0.01,2.56,3.32,"531288,"
Voltaire Leasing & Finance Ltd.,509038,Finance - NBFC,5.89,1,2024-03,-0.2,2024-03,0,0,0.3,1,2023-03,0,0.98,1.33,"509038,"
Jayabharat Credit Ltd.,501311,Finance - NBFC,5.83,1,2023-12,-1.43,2023-12,0,0,-0.1,1,2023-03,-0.99,0,-4383.94,"501311,"
Kinetic Trust Ltd.,531274,Finance - NBFC,5.8,1,2024-03,0.09,2024-03,63.07,,1.52,1,2023-03,0,-2.65,-3.5,"531274,"
Ken Financial Services Ltd.,530547,Finance - NBFC,5.67,1,2024-03,0.08,2024-03,73.6,1.59,0.79,1,2023-03,0.31,9.12,9.01,"530547,"
Mid East Portfolio Management Ltd.,526251,Finance - Investment,5.51,1,2024-03,0.06,2024-03,96.63,,1.72,1,2023-03,0,2.05,2.05,"526251,"
Relic Technologies Ltd.,511712,Finance - Stock Broking,5.4,2,2024-03,-0.9,2024-03,0,0,1.06,2,2023-03,0,3.89,5.73,"511712,"
Ontic Finserve Ltd.,540386,Finance - Others,5.4,1,2024-03,-2.74,2024-03,0,0,2.99,1,2023-03,0,0.99,1.34,"540386,"
Explicit Finance Ltd.,530571,Finance - NBFC,5.38,1,2024-03,0.02,2024-03,358.35,23.03,0.68,1,2023-03,0,0.11,0.21,"530571,"
Sashwat Technocrats Ltd.,506313,Finance - Investment,5.36,1,2024-03,0.1,2024-03,52.04,,3.89,1,2023-03,0.03,-21.13,-20.55,"506313,"
Amerise Biosciences Ltd.,531681,Finance - Investment,5.22,1,2024-03,-0.15,2024-03,0,,1.01,1,2023-03,0.02,-2.13,-2.1,"531681,"
Swadha Nature Ltd.,531039,Finance - Investment,5.21,1,2024-03,0.03,2024-03,274.33,17.89,8.88,1,2023-03,0.72,1.17,0.75,"531039,"
Kuber Udyog Ltd.,539408,Finance - NBFC,5.2,1,2024-03,0.11,2024-03,53.11,,1.4,1,2023-03,0.83,1.58,4.41,"539408,"
Sungold Capital Ltd.,531433,Finance - NBFC,5.19,1,2024-03,0.03,2024-03,152.64,3.22,0.23,1,2023-03,0.38,0.12,0.13,"531433,"
GCM Commodity & Derivatives Ltd.,535917,Finance - Investment,5.12,1,2024-03,-0.68,2024-03,0,0,0.36,1,2023-03,0,4.81,4.84,"535917,"
Scintilla Commercial & Credit Ltd.,538857,Finance - Investment,5.01,2,2024-03,-2.19,2024-03,0,,0.62,2,2023-03,0.07,-0.07,0.53,"538857,"
Cindrella Financial Services Ltd.,531283,Finance - NBFC,4.99,2,2024-03,0.16,2024-03,13.87,0.11,0.68,2,2023-03,0,14.59,17.64,"531283,"
Mercury Trade Links Ltd.,512415,Finance - Investment,4.95,1,2024-03,1.14,2024-03,4.36,0.23,0.43,1,2023-03,0,1.55,1.67,"512415,"
Pro CLB Global Ltd.,540703,Finance - Investment,4.87,1,2024-03,0.18,2024-03,26.63,,0.44,1,2023-03,0.03,-7.71,-7.39,"540703,"
Superior Finlease Ltd.,539835,Finance - Investment,4.8,1,2024-03,-0.13,2024-03,77.45,1.37,0.71,1,2023-03,11.84,9.24,1.04,"539835,"
Atharv Enterprises Ltd.,530187,Finance - Others,4.76,1,2024-03,0.18,2024-03,25.73,,0.24,1,2023-03,0.02,0.55,0.95,"530187,"
Galada Finance Ltd.,538881,Finance - NBFC,4.72,1,2024-03,0.34,2024-03,13.98,,0.89,1,2023-03,0.32,0.47,4.94,"538881,"
Brijlaxmi Leasing & Finance Ltd.,532113,Finance - Investment,4.69,1,2024-03,0.76,2024-03,6.17,,1.08,1,2023-03,6.63,-2.97,6.58,"532113,"
Manipal Finance Corporation Ltd.,507938,Finance - NBFC,4.64,1,2024-03,-0.14,2024-03,0,0,-0.31,1,2023-03,-0.29,0,0,"507938,"
Dhenu Buildcon Infra Ltd.,501945,Finance - Stock Broking,4.48,1,2024-03,-0.1,2024-03,0,,1.5,1,2023-03,0,-11.02,-14.14,"501945,"
KLG Capital Services Ltd.,530771,Finance - Investment,4.28,2,2024-03,-0.04,2024-03,0,,0.58,2,2023-03,0.04,-0.89,-0.78,"530771,"
Classic Leasing & Finance Ltd.,540481,Finance - NBFC,4.09,1,2024-03,0.18,2024-03,22.24,1.56,1.35,1,2023-03,-1.31,0,2.7,"540481,"
Maruti Securities Ltd.,531319,Finance - Investment,4.08,1,2024-03,-0.23,2024-03,0,,-0.12,1,2023-03,-1.02,0,-64.16,"531319,"
Rajkot Investment Trust Ltd.,539495,Finance - NBFC,4.01,1,2024-03,0.06,2024-03,72.91,5.86,0.89,1,2023-03,1.79,0.43,0.41,"539495,"
Regency Trust Ltd.,511585,Finance - NBFC,4,1,2024-03,0.04,2024-03,100,,-24.05,1,2023-03,-4.27,-1874.27,-77.01,"511585,"
Futuristic Securities Ltd.,523113,Finance - Investment,3.9,1,2024-03,-0.07,2024-03,0,,2.85,1,2023-03,0,-1.2,-2.05,"523113,"
Classic Global Finance & Capital Ltd.,538433,Finance - Investment,3.89,1,2022-12,0.02,2022-12,176.96,65.47,,1,2022-03,0.77,0.41,0.87,"538433,"
Alps Motor Finance Ltd.,538423,Finance - NBFC,3.86,1,2022-03,-6.4,2022-03,0,,-1.34,1,2021-03,8.93,-5.92,-0.05,"538423,"
Dharani Finance Ltd.,511451,Finance - Investment,3.72,1,2024-03,-0.3,2024-03,0,,0.4,1,2023-03,0,-1.55,-1.29,"511451,"
Ekam Leasing & Finance Company Ltd.,530581,Finance - NBFC,3.67,2,2024-03,0.63,2024-03,5.79,,0.41,2,2023-03,0.17,-2.17,-0.84,"530581,"
Systematix Securities Ltd.,531432,Finance - Investment,3.65,1,2024-03,-0.05,2024-03,0,,0.42,1,2023-03,0.01,-0.21,0.22,"531432,"
RR Securities Ltd.,530917,Finance - Investment,3.62,1,2024-03,0.1,2024-03,37.34,,0.79,1,2023-03,0.03,-0.46,-1,"530917,"
Blueblood Ventures Ltd.,539637,Finance - Stock Broking,3.32,1,2024-03,0.02,2022-03,158.2,,-0.67,1,2023-03,-16.35,0,0.02,"539637,"
BP Capital Ltd.,536965,Finance - NBFC,3.31,1,2024-03,-0.14,2024-03,0,0,0.71,1,2023-03,0,-2.88,-2.87,"536965,"
Vax Housing Finance Corporation Ltd.,531650,Finance - Housing,3.24,1,2022-09,0,2022-09,0,0,,1,2022-03,0,0,0,"531650,"
SSPN Finance Ltd.,539026,Finance - Investment,3.2,1,2024-03,0.02,2024-03,160.16,,0.74,1,2023-03,0.27,0.01,1.58,"539026,"
Kanungo Financiers Ltd.,540515,Finance - Investment,3.01,1,2024-03,0.26,2024-03,11.45,0.28,0.5,1,2023-03,1.17,4.71,4.49,"540515,"
Charms Industries Ltd.,531327,Finance - Others,2.92,1,2024-03,-0.04,2024-03,0,,11.12,1,2023-03,0.68,-38.73,-28.73,"531327,"
AAR Shyam India Investment Co Ltd.,542377,Finance - Investment,2.82,1,2024-03,-0.38,2023-12,0,0,0.75,1,2023-03,0.08,7.33,6.91,"542377,"
JPT Securities Ltd.,530985,Finance - Investment,2.75,2,2024-03,-0.75,2024-03,0,,0.64,2,2023-03,0.06,-2.63,-2.02,"530985,"
Peoples Investments Ltd.,501144,Finance - Investment,2.65,1,2024-03,-0.01,2024-03,0,0,75.08,1,2023-03,0,-3.62,-3.5,"501144,"
Nikki Global Finance Ltd.,531272,Finance - Investment,2.63,1,2024-03,-0.15,2024-03,0,,1.97,1,2023-03,0.34,1.36,1.23,"531272,"
Premium Capital Market & Investment Ltd.,511660,Finance - Investment,2.63,1,2024-03,-0.28,2024-03,0,,-6.25,1,2023-03,0,0,0,"511660,"
GDL Leasing & Finance Ltd.,530855,Finance - NBFC,2.51,1,2024-03,0.1,2023-03,278.6,12.14,0.79,1,2023-03,0,0.28,0.39,"530855,"
Darjeeling Ropeway Co Ltd.,539770,Finance - Investment,2.47,1,2024-03,-0.04,2024-03,0,,0.49,1,2023-03,0.04,-0.05,-0.01,"539770,"
Crescent Leasing Ltd.,539131,Finance - NBFC,2.38,1,2022-03,-0.06,2022-03,0,,0.52,1,2021-03,1.03,0.16,0.66,"539131,"
Concrete Infra & Media Ltd.,539266,Finance - Investment,2.33,1,2022-09,0.49,2022-09,4.73,0.03,,1,2022-03,0,6.01,8.12,"539266,"
M Lakhamsi Industries Ltd.,512153,Finance - NBFC,2.24,1,2024-03,0.71,2024-03,3.16,0.05,0.29,1,2023-03,1.34,10.93,10.95,"512153,"
Wellness Noni Ltd.,531211,Finance - Investment,2.24,1,2022-12,-1.22,2022-12,0,,2.67,1,2022-03,0,-117.65,-117.69,"531211,"
Brilliant Portfolios Ltd.,539434,Finance - Others,2.17,1,2024-03,0.5,2022-12,5.05,1.31,0.26,1,2023-03,2.19,5.84,9.58,"539434,"
Supra Trends Ltd.,511539,Finance - NBFC,2.15,1,2024-03,-0.1,2024-03,0,0,-3.6,1,2023-03,-6.3,0,-2.11,"511539,"
Mudra Financial Services Ltd.,539819,Finance - Investment,2.05,1,2024-03,0.3,2023-03,20.14,,0.21,1,2023-03,0,1.01,1.8,"539819,"
Geetanjali Credit and Capital Ltd.,539486,Finance - NBFC,2.03,1,2024-03,0,2024-03,0,,0.65,1,2023-03,0,-0.44,-0.44,"539486,"
Aneri Fincap Ltd.,531252,Finance - Investment,1.95,1,2024-03,-34.04,2024-03,0,,-0.04,1,2023-03,-3.26,0,-33.19,"531252,"
Oswal Leasing Ltd.,509099,Finance - NBFC,1.89,1,2024-03,-0.04,2024-03,0,0,0.68,1,2023-03,0,-0.85,-0.85,"509099,"
ACE Engitech Ltd.,530669,Finance - NBFC,1.85,1,2024-03,-0.15,2024-03,0,0,12.63,1,2023-03,0,-14.75,-14.09,"530669,"
Pasupati Fincap Ltd.,511734,Finance - Investment,1.85,1,2024-03,-0.12,2024-03,0,,-7.59,1,2023-03,-0.59,0,0,"511734,"
Regal Entertainment & Consultants Ltd.,531033,Finance - Investment,1.8,1,2023-12,-0.04,2022-12,128.37,11.88,1.01,1,2023-03,0.09,-1.59,-1.44,"531033,"
KD Leisures Ltd.,540385,Finance - Investment,1.77,1,2024-03,-0.01,2022-06,9.96,0.87,,1,2023-03,0,-74.48,-74.48,"540385,"
Stellant Securities (India) Ltd.,526071,Finance - NBFC,1.43,1,2024-03,0.36,2024-03,4.01,0.23,1.9,2,2023-03,0,-95.79,-45.04,"526071,"
Indo Credit Capital Ltd.,526887,Finance - NBFC,1.41,1,2024-03,-0.05,2024-03,0,,0.27,1,2023-03,0,-3.07,-3.05,"526887,"
Rajvi Logitrade Ltd.,511185,Finance - NBFC,1.13,1,2024-03,0.77,2024-03,1.47,0.04,0.4,1,2023-03,-3.96,0,51.61,"511185,"
Five X Tradecom Ltd.,536751,Finance - Stock Broking,0.99,1,2022-06,0,2022-06,0,,0.05,1,2021-03,0,0.01,0.01,"536751,"
Silicon Valley Infotech Ltd.,531738,Finance - Investment,0.39,1,2024-03,-0.23,2024-03,0,,-0.79,1,2023-03,-5.22,-426.3,-43.07,"531738,"
Magnanimous Trade & Finance Ltd.,512377,Finance - Investment,0.37,2,2024-03,18.28,2023-03,0.87,0.03,0.04,2,2023-03,0,4.71,5.46,"512377,"
Jupiter Industries & Leasing Ltd.,507987,Finance - Investment,0.35,1,2024-03,-0.08,2023-06,0,,-0.17,1,2023-03,-0.38,0,0,"507987,"
Swastik Safe Deposit & Investments Ltd.,501386,Finance - NBFC,0.28,1,2024-03,1.22,2023-09,0.22,,0,1,2023-03,0,0.07,0.1,"501386,"
Hindustan Housing Company Ltd.,509650,Finance - Housing,0.09,1,2024-03,2.36,2023-06,0.04,0,0,1,2023-03,0,5.02,6.69,"509650,"
Unijolly Investments Company Ltd.,503671,Finance - Investment,0.09,1,2024-03,0.06,2023-03,0.93,,0.01,1,2023-03,0,1.21,1.7,"503671,"
Elcid Investments Ltd.,503681,Finance - Investment,0.07,2,2024-03,175.11,2024-03,0,0,0,2,2023-03,0,0.62,0.87,"503681,"
HEM Holdings & Trading Ltd.,505520,Finance - Investment,0.05,1,2024-03,0.15,2023-06,0,,0.02,1,2023-03,0,-0.56,-0.34,"505520,"
White Hall Commercial Company Ltd.,512431,Finance - Investment,0,1,2024-03,-0.23,2022-12,0,0,0,1,2023-03,-0.8,0,-312.07,"512431,"
IRB InvIT Fund,IRBINVIT,Finance - Investment,0,1,2019-03,485.9,2024-03,,,,2,2024-03,0.78,9.42,9.37,"IRBINVIT,"
India Grid Trust,INDIGRID,Finance - Investment,0,1,2019-03,211.24,2023-03,,,,2,2023-03,2.92,8.98,7.75,"INDIGRID,"
Embassy Office Parks REIT,542602,Finance - Investment,0,2,2024-03,874.82,2024-03,,,,2,2023-03,0.61,2.01,4.25,"542602,"
India Infrastructure Trust - (INFRATRUST),542543,Finance - Investment,0,1,,,-0,,,,1,-0,,,,"542543,"
Mindspace Business Parks REIT,543217,Finance - Investment,0,1,,,2024-03,,,,2,2024-03,0.49,3.88,6.61,"543217,"
Data Infrastructure Trust,543225,Finance - Investment,0,1,,,2024-03,,,,2,2024-03,2.33,7.41,7.92,"543225,"
Brookfield India Real Estate Trust REIT,543261,Finance - Investment,0,1,,,2024-03,,,,2,2024-03,1.17,-0.04,5.08,"543261,"
POWERGRID Infrastructure Investment Trust.,PGINVIT,Finance - Investment,0,1,,,2024-03,,,,2,2024-03,0.08,12.88,13.94,"PGINVIT,"
Shrem InvIT,SHREMINVIT,Finance - Investment,0,1,,,2023-03,,,,2,2023-03,1.09,9.68,7.57,"SHREMINVIT,"
National Highways Infra Trust,NHIT,Finance Term Lending,0,1,,,2024-03,,,,2,2024-03,0.82,2.7,2.82,"NHIT,"
Highways Infrastructure Trust,HIGHWAYS,Finance Term Lending,0,1,,,2023-03,,,,2,2024-03,1.44,-13.24,2.07,"HIGHWAYS,"
Nexus Select Trust,543913,Finance - Investment,0,1,2024-03,893.91,2024-03,,,,1,-0,,,,"543913,"
Intelligent Supply Chain Infrastructure Trust,544005,Finance - Investment,0,1,,,2023-03,,,,1,2023-03,0,0.39,0.39,"544005,"
Bharat Highways InvIT,BHINVIT,Finance - Investment,0,1,,,-0,,,,1,-0,,,,"BHINVIT,"
