Sector: Healthcare,
Date: 05-Jul-2024,
Note:- Statement: 1 = Standalone and 2 = Consolidated,
Generated by and for: sangram.dash.mobile@gmail.com,

Stock Name,Symbol,Industry,Market Cap(Rs. Cr.),TTM Statement,Period Ending,Total Debt(Rs. Cr.),Enterprise Value(Rs. Cr.),TTM Ending (Results),Net Sales (Rs. Cr.),Profit After Tax (Rs. Cr.),TTM Ending (Valuation),Price Earning Ratio(TTM),"PEG Ratio ",Price To Book Value(TTM),Statement,Year Ending,Debt Equity Ratio,Return On Equity(%),Return On Capital Employed(%),Symbol with Comma for External Upload
Sun Pharmaceutical Industries Ltd.,SUNPHARMA,Pharmaceuticals & Drugs,376719.58,2,2024-03,2845.69,369044.59,2024-03,48496.85,9648.44,2024-03,39.34,1.7,5.92,2,2023-03,0.11,16.46,17.24,"SUNPHARMA,"
Divi's Laboratories Ltd.,DIVISLAB,Pharmaceuticals & Drugs,123368.56,2,2024-03,,119388.56,2024-03,7845,1600,2024-03,77.11,4.89,9.09,2,2023-03,0,14.89,19.36,"DIVISLAB,"
Cipla Ltd.,CIPLA,Pharmaceuticals & Drugs,121854.47,2,2024-03,247.02,121226.52,2024-03,25774.09,4155.31,2024-03,29.57,1.98,4.56,2,2023-03,0.02,12.85,18.19,"CIPLA,"
Zydus Lifesciences Ltd.,ZYDUSLIFE,Pharmaceuticals & Drugs,116687.92,2,2024-03,768.6,116351.42,2024-03,19547.4,3831.4,2024-03,30.23,3.96,5.88,2,2023-03,0.07,11.6,13.64,"ZYDUSLIFE,"
Dr. Reddy's Laboratories Ltd.,DRREDDY,Pharmaceuticals & Drugs,108662.02,2,2024-03,2002,108936.32,2024-03,28011.1,5563.2,2024-03,19.48,0.83,3.86,2,2024-03,0.07,21.76,26.86,"DRREDDY,"
Torrent Pharmaceuticals Ltd.,TORNTPHARM,Pharmaceuticals & Drugs,97776.89,2,2024-03,3937.42,100875.27,2024-03,10728,1656,2024-03,59.03,4.04,14.26,2,2024-03,0.57,25.38,24.28,"TORNTPHARM,"
Apollo Hospitals Enterprise Ltd.,APOLLOHOSP,Hospital & Healthcare Services,89843.84,2,2024-03,3161.9,92071.94,2024-03,19059.2,917,2024-03,99.98,2.11,12.97,2,2023-03,0.44,15.16,17.78,"APOLLOHOSP,"
Max Healthcare Institute Ltd.,MAXHEALTH,Hospital & Healthcare Services,88939.7,2,2024-03,1149.62,88990.05,2024-03,5406.02,1057.64,2024-03,84.09,0.68,10.58,2,2023-03,0.08,16.19,15.32,"MAXHEALTH,"
Mankind Pharma Ltd.,MANKIND,Pharmaceuticals & Drugs,87154.17,2,2024-03,196.04,86152.23,2024-03,10334.78,1926.55,2024-03,45.56,3.18,9.3,2,2023-03,0.02,19.27,23.49,"MANKIND,"
Lupin Ltd.,LUPIN,Pharmaceuticals & Drugs,80450.93,2,2024-03,2669.91,81918.3,2024-03,20010.82,1935.57,2024-03,42.02,,5.63,2,2023-03,0.34,3.68,6.06,"LUPIN,"
Aurobindo Pharma Ltd.,AUROPHARMA,Pharmaceuticals & Drugs,76757.96,2,2024-03,6315.22,76794.88,2024-03,29001.87,3186.13,2024-03,24.19,,2.57,2,2023-03,0.18,7.5,9.39,"AUROPHARMA,"
Alkem Laboratories Ltd.,ALKEM,Pharmaceuticals & Drugs,60380.32,2,2024-03,1213.97,60014.94,2024-03,12667.58,1811.46,2024-03,33.62,2.92,5.86,2,2023-03,0.14,11.39,13.09,"ALKEM,"
Abbott India Ltd.,ABBOTINDIA,Pharmaceuticals & Drugs,59423.78,1,2024-03,,57289.29,2024-03,5848.91,1201.22,2024-03,49.47,2.63,16.03,1,2023-03,0,32.07,42.93,"ABBOTINDIA,"
Biocon Ltd.,BIOCON,Pharmaceuticals & Drugs,44122.05,2,2024-03,15729.6,57592.95,2024-03,14755.7,1382,2024-03,43.15,2.85,2.23,2,2023-03,1.01,4.98,5.37,"BIOCON,"
Glaxosmithkline Pharmaceuticals Ltd.,GLAXO,Pharmaceuticals & Drugs,43622.9,2,2024-03,0,42559.68,2024-03,3453.71,589.96,2024-03,73.94,6.17,24.42,2,2024-03,0,33.43,46.49,"GLAXO,"
Glenmark Pharmaceuticals Ltd.,GLENMARK,Pharmaceuticals & Drugs,37952.9,2,2024-03,990.6,37284.04,2024-03,12178.64,-1695.4,2024-03,0,0,4.84,2,2023-03,0.46,4.07,9.17,"GLENMARK,"
Fortis Healthcare Ltd.,FORTIS,Hospital & Healthcare Services,35811.44,2,2024-03,858.3,36071.34,2024-03,6892.92,635.71,2024-03,59.8,1.38,4.67,2,2023-03,0.1,9.44,12.5,"FORTIS,"
Global Health Ltd.,MEDANTA,Hospital & Healthcare Services,34221.27,2,2024-03,419.34,33465.32,2024-03,3258.21,478.06,2024-03,71.56,1.23,11.78,2,2023-03,0.35,16.17,18.71,"MEDANTA,"
Gland Pharma Ltd.,GLAND,Pharmaceuticals & Drugs,30399.16,2,2024-03,319.78,28879.51,2024-03,5664.72,772.46,2024-03,39.35,,3.48,2,2023-03,0,10.34,14.04,"GLAND,"
Ipca Laboratories Ltd.,IPCALAB,Pharmaceuticals & Drugs,30218.71,2,2024-03,1387.5,31309.37,2024-03,7707.41,529.21,2024-03,55.21,3.81,4.77,2,2023-03,0.25,8.7,11.71,"IPCALAB,"
Syngene International Ltd.,SYNGENE,Pharmaceuticals & Drugs,29431.49,2,2024-03,141.7,29009.69,2024-03,3488.6,510,2024-03,57.71,6.1,7.03,2,2024-03,0.03,13.18,15.55,"SYNGENE,"
Ajanta Pharma Ltd.,AJANTPHARM,Pharmaceuticals & Drugs,27954.88,2,2024-03,1.49,27825.6,2024-03,4208.71,816.17,2024-03,34.25,2.13,7.85,2,2024-03,0,23.49,32.22,"AJANTPHARM,"
JB Chemicals & Pharmaceuticals Ltd.,JBCHEPHARM,Pharmaceuticals & Drugs,27152.97,2,2024-03,357.14,27414.57,2024-03,3484.18,552.64,2024-03,49.13,2.03,9.29,2,2023-03,0.23,18.51,22.79,"JBCHEPHARM,"
Laurus Labs Ltd.,LAURUSLABS,Pharmaceuticals & Drugs,25721.76,2,2024-03,2507.05,28087.16,2024-03,5040.83,168.21,2024-03,163.13,14.89,6.29,2,2024-03,0.61,4.15,6.64,"LAURUSLABS,"
Narayana Hrudayalaya Ltd.,NH,Hospital & Healthcare Services,25431.68,2,2024-03,1443.71,26458.94,2024-03,5021.73,789.62,2024-03,32.22,0.5,8.82,2,2023-03,0.36,33.55,33.92,"NH,"
Dr. Lal Pathlabs Ltd.,LALPATHLAB,Hospital & Healthcare Services,24109.13,2,2024-03,83.33,23362.15,2024-03,2226.6,362.3,2024-03,67.39,5.42,13.41,2,2024-03,0.05,21.27,27.89,"LALPATHLAB,"
Natco Pharma Ltd.,NATCOPHARM,Pharmaceuticals & Drugs,21701.85,2,2024-03,363.2,21112.15,2024-03,3998.8,1388.3,2024-03,15.63,28.8,3.71,2,2023-03,0.03,15.66,18.06,"NATCOPHARM,"
Pfizer Ltd.,PFIZER,Pharmaceuticals & Drugs,21158.33,1,2024-03,2.5,19114.12,2024-03,2193.17,551.33,2024-03,38.38,3.68,5.85,1,2023-03,0,20.55,27.56,"PFIZER,"
Piramal Pharma Ltd.,PPLPHARMA,Pharmaceuticals & Drugs,21026.37,2,2024-03,4558.86,25102.67,2024-03,8171.16,-41.67,2024-03,0,,2.67,2,2024-03,0.58,0.24,5.07,"PPLPHARMA,"
Suven Pharmaceuticals Ltd.,SUVENPHAR,Pharmaceuticals & Drugs,20633.76,2,2024-03,38.58,20621.84,2024-03,1051.35,300.28,2024-03,68.71,,10.06,2,2023-03,0.04,25.21,33.41,"SUVENPHAR,"
Poly Medicure Ltd.,POLYMED,Medical Equipment/Supplies/Accessories,19979.33,2,2024-03,170.22,20002.69,2024-03,1375.8,255.73,2024-03,77.36,3.78,13.59,2,2023-03,0.12,15.42,19.1,"POLYMED,"
Alembic Pharmaceuticals Ltd.,APLLTD,Pharmaceuticals & Drugs,19665.16,2,2024-03,430.45,19969.04,2024-03,6228.63,616.8,2024-03,31.93,30.3,4.08,2,2024-03,0.09,13.4,13.42,"APLLTD,"
Concord Biotech Ltd.,CONCORDBIO,Pharmaceuticals & Drugs,17701.58,2,2024-03,6.23,17660.79,2024-03,1016.94,304.73,2024-03,57.45,,11.6,2,2024-03,0,21.88,29.13,"CONCORDBIO,"
Astrazeneca Pharma India Ltd.,ASTRAZEN,Pharmaceuticals & Drugs,17299.75,1,2024-03,,16793.91,2024-03,1295.53,161.51,2024-03,107.11,2.68,24.13,1,2023-03,0,18.13,24.49,"ASTRAZEN,"
Krishna Institute of Medical Sciences Ltd,KIMS,Hospital & Healthcare Services,17148.75,2,2024-03,1046.24,18145.98,2024-03,2498.14,336.28,2024-03,55.29,1.01,9.38,2,2023-03,0.32,23.93,27.84,"KIMS,"
Aster DM Healthcare Ltd.,ASTERDM,Hospital & Healthcare Services,16998.43,2,2024-03,669.32,17555.1,2024-03,11216.2,281.41,2024-03,131.49,5.26,3.73,2,2023-03,0.51,11.32,14.36,"ASTERDM,"
Sanofi India Ltd.,SANOFI,Pharmaceuticals & Drugs,15172.69,2,2023-12,0,14766.19,2024-03,2847,549.1,2024-03,27.63,,14,2,2023-12,0,87.18,115.15,"SANOFI,"
Eris Lifesciences Ltd.,ERIS,Pharmaceuticals & Drugs,14113.02,2,2024-03,2735.27,15447.66,2024-03,2009.14,397.05,2024-03,36,6.7,5.46,2,2023-03,0.38,18.25,17.31,"ERIS,"
Wockhardt Ltd.,WOCKPHARMA,Pharmaceuticals & Drugs,13966.39,2,2024-03,2112,15549.39,2024-03,2798,-472,2024-03,0,,4.17,2,2024-03,0.63,-14.12,-2.15,"WOCKPHARMA,"
Indegene Ltd.,INDGN,Pharmaceuticals & Drugs,13232.77,2,2024-03,403.1,13444.87,2024-03,2589.6,336.7,2024-03,39.3,0.3,4.04,2,2023-03,0.38,29.5,35.21,"INDGN,"
Rainbow Children's Medicare Ltd.,RAINBOW,Hospital & Healthcare Services,13028.25,2,2024-03,,13018.12,2024-03,1296.9,218.29,2024-03,60.04,1.42,10.35,2,2023-03,0,25.72,39.96,"RAINBOW,"
Granules India Ltd.,GRANULES,Pharmaceuticals & Drugs,12818.88,2,2024-03,1223.23,13655.72,2024-03,4506.37,405.31,2024-03,31.63,1.01,3.97,2,2023-03,0.38,19.18,19.63,"GRANULES,"
Jubilant Pharmova Ltd.,JUBLPHARMA,Pharmaceuticals & Drugs,12183.41,2,2024-03,3414.1,14640.71,2024-03,6702.9,48.6,2024-03,158.02,,2.24,2,2023-03,0.63,-1.21,2.53,"JUBLPHARMA,"
Glenmark Life Sciences Ltd.,GLS,Pharmaceuticals & Drugs,11184.28,1,2024-03,,10882.69,2024-03,2283.21,470.89,2024-03,23.75,0.08,4.78,1,2023-03,0,22.33,30.01,"GLS,"
Caplin Point Laboratories Ltd.,CAPLIPOINT,Pharmaceuticals & Drugs,11023.77,2,2024-03,0.28,10471.31,2024-03,1694.1,461.15,2024-03,24.12,1.15,4.76,2,2023-03,0,23.68,26.85,"CAPLIPOINT,"
Metropolis Healthcare Ltd.,METROPOLIS,Hospital & Healthcare Services,10488.59,2,2024-03,,10417.37,2024-03,1207.71,128.46,2024-03,82.06,12.6,9.57,2,2023-03,0.08,15.46,19.83,"METROPOLIS,"
Neuland Laboratories Ltd.,NEULANDLAB,Pharmaceuticals & Drugs,9968.7,2,2024-03,82.51,9934.41,2024-03,1558.58,300.08,2024-03,33.22,0.49,7.78,2,2023-03,0.12,17.84,20.94,"NEULANDLAB,"
Strides Pharma Science Ltd.,STAR,Pharmaceuticals & Drugs,8665.45,2,2024-03,2414.53,10888.81,2024-03,4051.12,27.2,2024-03,0,,4.08,2,2023-03,1.27,-10.15,-0.49,"STAR,"
Procter & Gamble Health Ltd.,PGHL,Pharmaceuticals & Drugs,8523.7,1,2023-12,,8098.14,2024-03,1168.56,214.02,2024-03,39.83,1.02,10.01,1,2023-06,0,33.94,46.07,"PGHL,"
Marksans Pharma Ltd.,MARKSANS,Pharmaceuticals & Drugs,8471.9,2,2024-03,29.09,7827.41,2024-03,2177.41,314.9,2024-03,27.01,0.52,4.1,2,2023-03,0.02,18.59,22.89,"MARKSANS,"
FDC Ltd.,FDC,Pharmaceuticals & Drugs,8438.45,2,2024-03,0.28,8412.43,2024-03,1942.94,305.06,2024-03,27.65,12.22,4.02,2,2023-03,0,9.84,13.25,"FDC,"
Jupiter Life Line Hospitals Ltd.,JLHL,Hospital & Healthcare Services,8363.6,2,2024-03,,8363.6,2024-03,1069.5,176.61,2024-03,47.36,,7.16,2,2023-03,1.28,22.18,21.07,"JLHL,"
Sun Pharma Advanced Research Company Ltd.,SPARC,Pharmaceuticals & Drugs,8307.75,1,2024-03,47,8199.69,2024-03,75.55,-388.11,2024-03,0,0,65.58,1,2023-03,0,-143.72,-69.44,"SPARC,"
Vijaya Diagnostic Centre Ltd.,VIJAYA,Hospital & Healthcare Services,8139.57,2,2024-03,,8066.49,2024-03,547.81,119.64,2024-03,68.5,,12.38,2,2023-03,0,16.89,26.53,"VIJAYA,"
Medplus Health Services Ltd.,MEDPLUS,Pharmaceuticals & Drugs,8004.88,2,2024-03,,7863.2,2024-03,5624.86,65.58,2024-03,122.26,37.31,5.07,2,2023-03,0,3.5,9.56,"MEDPLUS,"
Blue Jet Healthcare Ltd.,BLUEJET,Pharmaceuticals & Drugs,7508.45,1,2024-03,,7423.74,2024-03,711.6,163.75,2024-03,45.85,,8.84,1,2023-03,0,26.6,36.24,"BLUEJET,"
Shilpa Medicare Ltd.,SHILPAMED,Pharmaceuticals & Drugs,6581.82,2,2024-03,935.59,7486.97,2024-03,1151.33,36.73,2024-03,206.49,,2.85,2,2023-03,0.45,-1.71,0.8,"SHILPAMED,"
AMI Organics Ltd.,AMIORG,Pharmaceuticals & Drugs,5832.52,2,2024-03,216.65,5995.85,2024-03,706.11,43.12,2024-03,136.36,3.89,4.97,2,2023-03,0.01,14.92,20.45,"AMIORG,"
Orchid Pharma Ltd.,ORCHPHARMA,Pharmaceuticals & Drugs,5802.27,2,2024-03,134.48,5670.18,2024-03,819.37,94.49,2024-03,62.95,4.17,4.96,2,2023-03,0.48,8.27,9.11,"ORCHPHARMA,"
Aarti Pharmalabs Ltd.,AARTIPHARM,Pharmaceuticals & Drugs,5688.14,2,2024-03,264.1,5928.18,2024-03,1852.62,216.9,2024-03,26.22,,3.24,2,2023-03,0.14,13.35,16.11,"AARTIPHARM,"
Healthcare Global Enterprises Ltd.,HCG,Hospital & Healthcare Services,5288.25,2,2024-03,672.76,5657.94,2024-03,1912.12,40.93,2024-03,109.85,4.46,6.4,2,2023-03,0.47,2.06,11.69,"HCG,"
Aarti Drugs Ltd.,AARTIDRUGS,Pharmaceuticals & Drugs,4983.34,2,2024-03,562.42,5536.33,2024-03,2528.58,171.59,2024-03,29.07,1.92,3.89,2,2023-03,0.51,14.93,15.49,"AARTIDRUGS,"
Kovai Medical Center & Hospital Ltd.,523323,Hospital & Healthcare Services,4786.09,1,2024-03,274.4,4849.43,2024-03,1219.55,179.73,2024-03,26.63,1.8,5.48,1,2023-03,0.66,17.43,17.14,"523323,"
Hikal Ltd.,HIKAL,Pharmaceuticals & Drugs,4535,2,2024-03,814.74,5328.86,2024-03,1784.6,69.6,2024-03,65.16,219.13,3.82,2,2023-03,0.66,7.12,8.47,"HIKAL,"
Advanced Enzyme Technologies Ltd.,ADVENZYMES,Pharmaceuticals & Drugs,4517.69,2,2024-03,25.11,4399.31,2024-03,623.87,136.95,2024-03,33.89,5.67,3.42,2,2024-03,0.02,10.72,14.78,"ADVENZYMES,"
Unichem Laboratories Ltd.,UNICHEMLAB,Pharmaceuticals & Drugs,3742.77,2,2024-03,219.15,3807.6,2024-03,1704.9,-70.47,2024-03,0,,1.58,2,2023-03,0.12,-8.04,-5.6,"UNICHEMLAB,"
Yatharth Hospital & Trauma Care Services Ltd.,YATHARTH,Hospital & Healthcare Services,3740.49,2,2024-03,83.05,3584.91,2024-03,670.33,114.48,2024-03,32.68,,4.28,2,2023-03,1.44,43.87,26.88,"YATHARTH,"
Gufic Biosciences Ltd.,GUFICBIO,Pharmaceuticals & Drugs,3692.22,1,2024-03,317.03,3995.78,2024-03,806.67,86.14,2024-03,42.87,1.08,6.88,1,2023-03,0.9,25.84,23.23,"GUFICBIO,"
Gujarat Themis Biosyn Ltd.,506879,Pharmaceuticals & Drugs,3683.03,1,2024-03,0,3674.87,2024-03,170.11,59.16,2024-03,62.25,1.11,18.11,1,2024-03,0,33.76,45.4,"506879,"
Thyrocare Technologies Ltd.,THYROCARE,Hospital & Healthcare Services,3433.19,2,2024-03,21.6,3414.9,2024-03,571.88,69.11,2024-03,48.52,,6.52,2,2023-03,0,12.23,17.61,"THYROCARE,"
Supriya Lifescience Ltd.,SUPRIYA,Pharmaceuticals & Drugs,3359.75,1,2024-03,,3284.8,2024-03,570.37,119.12,2024-03,28.21,0.47,4.05,1,2023-03,0.02,13.66,18.72,"SUPRIYA,"
Sequent Scientific Ltd.,SEQUENT,Pharmaceuticals & Drugs,3328.08,2,2024-03,451.28,3709.53,2024-03,1369.73,-29.61,2024-03,0,,5.07,2,2023-03,0.62,-18.95,-9.71,"SEQUENT,"
Shalby Ltd.,SHALBY,Hospital & Healthcare Services,3284.58,2,2024-03,313.95,3571.31,2024-03,933.75,83.5,2024-03,39.07,3.41,3.28,2,2023-03,0.15,7.51,10.72,"SHALBY,"
Indoco Remedies Ltd.,INDOCO,Pharmaceuticals & Drugs,3168.3,2,2024-03,655.15,3799.12,2024-03,1817.29,97.01,2024-03,32.18,1.14,2.85,2,2023-03,0.31,14.72,17.48,"INDOCO,"
Alembic Ltd.,ALEMBICLTD,Pharmaceuticals & Drugs,3045.43,2,2024-03,9.15,3052.12,2024-03,157.48,92.88,2024-03,11.34,2.63,1.59,2,2023-03,0,3.52,3.82,"ALEMBICLTD,"
Morepen Laboratories Ltd.,MOREPENLAB,Pharmaceuticals & Drugs,2988.8,2,2024-03,29,2965.69,2024-03,1690.43,96.62,2024-03,31.08,5.65,3.53,2,2023-03,0.03,5.93,8.4,"MOREPENLAB,"
Innova Captab Ltd.,INNOVACAP,Pharmaceuticals & Drugs,2910.46,2,2024-03,241.81,3065.52,2024-03,1081.3,94.34,2024-03,30.85,,3.5,2,2023-03,0.85,28.02,24.34,"INNOVACAP,"
Suven Life Sciences Ltd.,SUVEN,Pharmaceuticals & Drugs,2764.08,2,2024-03,,2600.11,2024-03,11.69,-105.08,2024-03,0,,10.24,2,2023-03,0,-50.17,-49.89,"SUVEN,"
Solara Active Pharma Sciences Ltd.,SOLARA,Pharmaceuticals & Drugs,2743.43,2,2024-03,999.38,3734.21,2024-03,1325.71,-566.96,2024-03,0,,1.98,2,2023-03,0.67,-1.47,1.79,"SOLARA,"
Novartis India Ltd.,500672,Pharmaceuticals & Drugs,2719.07,1,2024-03,0.02,2123.01,2024-03,335.07,85.19,2024-03,31.92,5.61,3.65,1,2023-03,0,14.07,15.96,"500672,"
Dishman Carbogen Amcis Ltd.,DCAL,Pharmaceuticals & Drugs,2706.86,2,2024-03,1964.4,4257.91,2024-03,2615.77,-153.45,2024-03,0,,0.48,2,2023-03,0.31,-0.52,0.43,"DCAL,"
RPG Life Sciences Ltd.,RPGLIFE,Pharmaceuticals & Drugs,2679.57,1,2024-03,0,2643.1,2024-03,582.05,87.66,2024-03,30.57,0.59,7.2,1,2024-03,0,25.69,34.96,"RPGLIFE,"
IOL Chemicals And Pharmaceuticals Ltd.,IOLCP,Pharmaceuticals & Drugs,2540.48,2,2024-03,32.76,2430.35,2024-03,2132.79,134.43,2024-03,18.9,,1.58,2,2023-03,0.05,9.6,13.57,"IOLCP,"
Artemis Medicare Services Ltd.,ARTEMISMED,Hospital & Healthcare Services,2516.51,2,2024-03,253.56,2708.73,2024-03,878.58,49.14,2024-03,51.21,2.68,6.73,2,2024-03,0.68,14.01,16.47,"ARTEMISMED,"
Indraprastha Medical Corporation Ltd.,INDRAMEDCO,Hospital & Healthcare Services,2313.83,1,2024-03,,2089.4,2024-03,1244.7,123.96,2024-03,18.67,0.57,4.84,1,2023-03,0,24.44,34.46,"INDRAMEDCO,"
Amrutanjan Health Care Ltd.,AMRUTANJAN,Pharmaceuticals & Drugs,2283.94,1,2024-03,,2283.94,2024-03,421.23,44.97,2024-03,50.79,3.45,7.92,1,2023-03,0,14.37,19.38,"AMRUTANJAN,"
Hester Biosciences Ltd.,HESTERBIO,Pharmaceuticals & Drugs,2268.57,2,2024-03,239.04,2492.31,2024-03,304.55,16.56,2024-03,120.1,155.31,7.77,2,2023-03,0.96,10.39,9.6,"HESTERBIO,"
SMS Pharmaceuticals Ltd.,SMSPHARMA,Pharmaceuticals & Drugs,2207.72,2,2024-03,280.18,2451.7,2024-03,709.26,49.2,2024-03,44.31,,4.12,2,2023-03,0.55,0.83,3.79,"SMSPHARMA,"
Krsnaa Diagnostics Ltd.,KRSNAA,Hospital & Healthcare Services,2186.82,2,2024-03,106.72,2240,2024-03,619.63,56.84,2024-03,38.48,,2.7,2,2023-03,0.04,8.76,11.75,"KRSNAA,"
TTK Healthcare Ltd.,TTKHLTCARE,Pharmaceuticals & Drugs,2049.46,1,2024-03,21.47,1296,2024-03,752.79,62.84,2024-03,32.61,1.56,2.06,1,2024-03,0.02,6.46,8.72,"TTKHLTCARE,"
Themis Medicare Ltd.,THEMISMED,Pharmaceuticals & Drugs,1918.58,2,2024-03,95.79,1995.07,2024-03,381.76,24.72,2024-03,44.08,1.02,5.08,2,2024-03,0.25,12.14,13.88,"THEMISMED,"
Zota Health Care Ltd.,ZOTA,Pharmaceuticals & Drugs,1595.24,2,2024-03,14.68,1608.92,2024-03,180.49,-14.35,2024-03,0,,14.4,2,2023-03,0,-6.79,-2.5,"ZOTA,"
Dr Agarwals Eye Hospital Ltd.,526783,Hospital & Healthcare Services,1515.28,1,2024-03,51.3,1532.84,2024-03,317.46,46.36,2024-03,32.69,0.81,9.64,1,2023-03,0.39,38.56,42.98,"526783,"
NGL Fine-Chem Ltd.,NGLFINE,Pharmaceuticals & Drugs,1495.55,2,2024-03,32.44,1526.27,2024-03,338.93,41.34,2024-03,36.2,,5.69,2,2023-03,0.15,9.63,11.96,"NGLFINE,"
Windlas Biotech Ltd.,WINDLAS,Pharmaceuticals & Drugs,1495.1,2,2024-03,0.11,1464.27,2024-03,630.96,58.19,2024-03,25.69,0.84,3.32,2,2023-03,0,10.76,14.39,"WINDLAS,"
GPT Healthcare Ltd.,GPTHEALTH,Hospital & Healthcare Services,1427.75,1,2024-03,12.42,1431.04,2024-03,400.19,47.77,2024-03,29.89,1.15,6.52,1,2024-03,0.06,24.89,32.61,"GPTHEALTH,"
KMC Speciality Hospitals (India) Ltd.,524520,Hospital & Healthcare Services,1383.78,1,2024-03,72.4,1433.5,2024-03,177.18,30.38,2024-03,45.55,1.42,9.65,1,2023-03,0.39,26.65,27.32,"524520,"
Lincoln Pharmaceuticals Ltd.,LINCOLN,Pharmaceuticals & Drugs,1334.08,2,2024-03,1.07,1321.32,2024-03,580.55,93.3,2024-03,14.3,0.89,2.25,2,2023-03,0,15.59,21.82,"LINCOLN,"
Kopran Ltd.,KOPRAN,Pharmaceuticals & Drugs,1233.47,2,2024-03,99.23,1318.5,2024-03,614.59,50.96,2024-03,24.21,4.13,2.51,2,2023-03,0.17,6.29,8.3,"KOPRAN,"
Syncom Formulations (India) Ltd.,SYNCOMF,Pharmaceuticals & Drugs,1212.6,2,2024-03,72.49,1217.22,2024-03,263.39,25.32,2024-03,47.9,2.89,4.21,2,2023-03,0.32,8.48,9.68,"SYNCOMF,"
Bliss GVS Pharma Ltd.,BLISSGVS,Pharmaceuticals & Drugs,1212.44,2,2024-03,87.81,1084.63,2024-03,770.24,81.58,2024-03,16.07,,1.26,2,2024-03,0.09,8.89,12.15,"BLISSGVS,"
Remus Pharmaceuticals Ltd.,REMUS,Pharmaceuticals & Drugs,1190.86,1,2024-03,1.44,1192.3,2024-03,63.5,16.82,2024-03,70.8,,13.77,1,2023-03,0.42,66.14,68.82,"REMUS,"
Vimta Labs Ltd.,VIMTALABS,Hospital & Healthcare Services,1166.17,2,2024-03,19.19,1159.57,2024-03,318.26,41.01,2024-03,28.44,,3.73,2,2024-03,0.06,13.94,17.81,"VIMTALABS,"
Anuh Pharma Ltd.,506260,Pharmaceuticals & Drugs,1153.58,1,2024-03,2.01,1145.92,2024-03,647,60.06,2024-03,19.21,1.13,3.97,1,2023-03,0,15.9,21.05,"506260,"
Beta Drugs Ltd.,BETA,Pharmaceuticals & Drugs,1150.39,1,2024-03,3.62,1154.01,2024-03,197.62,21.94,2024-03,52.44,1.48,9.92,2,2023-03,0.17,28.55,33.94,"BETA,"
Shree Ganesh Remedies Ltd.,540737,Pharmaceuticals & Drugs,1049.04,2,2024-03,36.31,1069.08,2024-03,125.9,28.11,2024-03,37.32,1.27,8.63,1,2023-03,0.38,22.62,24.67,"540737,"
Bharat Parenterals Ltd.,541096,Pharmaceuticals & Drugs,998.24,2,2024-03,157.58,1143.73,2024-03,257.35,10.52,2024-03,68.76,,3.41,2,2024-03,0.8,5.54,7.76,"541096,"
Bajaj Healthcare Ltd.,BAJAJHCARE,Pharmaceuticals & Drugs,970.64,1,2024-03,332.07,1299.78,2024-03,473.42,-14.33,2024-03,0,0,3.49,1,2023-03,1.13,12.36,11.88,"BAJAJHCARE,"
Jagsonpal Pharmaceuticals Ltd.,JAGSNPHARM,Pharmaceuticals & Drugs,888.96,1,2024-03,,741.02,2024-03,208.7,22.46,2024-03,39.57,1.11,4.69,1,2023-03,0,18.89,24.15,"JAGSNPHARM,"
Panacea Biotec Ltd.,PANACEABIO,Pharmaceuticals & Drugs,870.07,2,2024-03,20.99,751.58,2024-03,559.17,-1.5,2024-03,0,,1.03,2,2023-03,0.02,-3.92,1.94,"PANACEABIO,"
Ind-Swift Laboratories Ltd.,INDSWFTLAB,Pharmaceuticals & Drugs,789.99,2,2024-03,16.62,806.61,2024-03,1280.9,307.63,2024-03,1.88,0.07,0.85,2,2023-03,1.71,10.61,13.25,"INDSWFTLAB,"
Albert David Ltd.,ALBERTDAVD,Pharmaceuticals & Drugs,768.47,1,2024-03,2.1,739.41,2024-03,362.46,75.42,2024-03,10.19,0.34,1.98,1,2023-03,0.02,12.24,17.1,"ALBERTDAVD,"
Prevest Denpro Ltd.,543363,Medical Equipment/Supplies/Accessories,738.18,1,2024-03,,738.18,2024-03,56.44,16.12,2024-03,45.78,0.94,8.4,1,2023-03,0,24.19,32.25,"543363,"
Kaya Ltd.,KAYA,Hospital & Healthcare Services,720.55,2,2024-03,177.78,880.25,2024-03,404.25,-128.66,2024-03,0,,-3.06,2,2023-03,-1.33,0,-121.62,"KAYA,"
Nectar Lifesciences Ltd.,NECLIFE,Pharmaceuticals & Drugs,713.15,2,2024-03,635.54,1348.69,2024-03,1685.63,5,2024-03,142.77,,0.67,2,2023-03,0.71,-2.25,1.97,"NECLIFE,"
Sakar Healthcare Ltd.,SAKAR,Pharmaceuticals & Drugs,693.82,2,2024-03,68.84,762.19,2024-03,153.35,11.67,2024-03,59.45,,2.69,2,2023-03,0.69,8.48,8.95,"SAKAR,"
Balaxi Pharmaceuticals Ltd.,BALAXI,Pharmaceuticals & Drugs,658.96,2,2024-03,17.66,676.62,2024-03,241.29,-2.38,2024-03,0,,3.15,2,2023-03,0.07,32.17,37.46,"BALAXI,"
Medicamen Biotech Ltd.,MEDICAMEQ,Pharmaceuticals & Drugs,645.58,2,2024-03,30.82,676.4,2024-03,179.31,9.5,2024-03,59.06,,3.34,2,2023-03,0.14,9.06,10.86,"MEDICAMEQ,"
Accent Microcell Ltd.,ACCENTMIC,Pharmaceuticals & Drugs,609.09,1,2024-03,12.79,621.88,2024-03,245.5,30.17,2024-03,20.19,,4.51,1,2023-03,0.52,34.11,29.27,"ACCENTMIC,"
Valiant Laboratories Ltd.,VALIANTLAB,Pharmaceuticals & Drugs,608.3,2,2024-03,76.05,578.14,2024-03,182.06,0.32,2024-03,0,,2.57,2,2023-03,0.59,28.86,24.01,"VALIANTLAB,"
Fermenta Biotech Ltd.,506414,Pharmaceuticals & Drugs,591.56,2,2024-03,132.27,664,2024-03,335.66,-24.01,2024-03,0,,2.05,2,2023-03,0.72,-16.26,-5.35,"506414,"
Kilitch Drugs (India) Ltd.,KILITCH,Pharmaceuticals & Drugs,561.43,2,2024-03,31.65,573.44,2024-03,154.37,13.58,2024-03,38.45,2.53,3.18,2,2023-03,0.15,5.86,10.26,"KILITCH,"
Zim Laboratories Ltd.,ZIMLAB,Pharmaceuticals & Drugs,549.87,2,2024-03,106.21,645.62,2024-03,367.42,17.25,2024-03,31.88,13.47,2.3,2,2024-03,0.44,7.86,10.11,"ZIMLAB,"
Wanbury Ltd.,WANBURY,Pharmaceuticals & Drugs,536.7,2,2024-03,109.95,640.75,2024-03,575.65,55.96,2024-03,9.59,0.86,25.04,2,2023-03,-1.86,0,29.82,"WANBURY,"
Kwality Pharmaceuticals Ltd.,539997,Pharmaceuticals & Drugs,521.82,2,2024-03,98.12,613.99,2024-03,307.17,23.54,2024-03,21.93,0.43,2.34,2,2023-03,0.45,10.15,12.27,"539997,"
Venus Remedies Ltd.,VENUSREM,Pharmaceuticals & Drugs,510.15,2,2024-03,41.33,483.38,2024-03,601.45,28.48,2024-03,17.91,0.76,1.05,2,2023-03,0.09,5.9,7.75,"VENUSREM,"
Kerala Ayurveda Ltd.,530163,Pharmaceuticals & Drugs,482.2,2,2024-03,67.58,549.78,2024-03,103.65,-0.99,2024-03,0,,14.99,2,2023-03,26.74,-14.76,6.26,"530163,"
Shukra Pharmaceuticals Ltd.,524632,Pharmaceuticals & Drugs,441.6,1,2024-03,3.15,444.76,2024-03,74.57,18.54,2024-03,23.82,0.45,4.88,1,2023-03,0.2,21.16,18.85,"524632,"
Ambalal Sarabhai Enterprises Ltd.,500009,Pharmaceuticals & Drugs,425.31,2,2024-03,45.09,437.5,2024-03,173.57,8.39,2024-03,74.87,12.52,3.1,2,2024-03,0.33,4.24,7.15,"500009,"
Fredun Pharmaceuticals Ltd.,539730,Pharmaceuticals & Drugs,398.98,1,2024-03,105.51,503.14,2024-03,349.07,15.62,2024-03,25.54,0.58,3.25,1,2023-03,0.98,13.86,18.35,"539730,"
Jenburkt Pharmaceuticals Ltd.,524731,Pharmaceuticals & Drugs,387.31,1,2024-03,0,308.12,2024-03,141.97,25.98,2024-03,14.91,2.67,2.66,1,2024-03,0,19.43,26.28,"524731,"
Rajnish Wellness Ltd.,541601,Pharmaceuticals & Drugs,380.39,1,2024-03,4.92,385.32,2024-03,75.62,1.03,2024-03,368.24,,4.53,1,2023-03,0.12,0.88,1.08,"541601,"
Zenotech Laboratories Ltd.,532039,Pharmaceuticals & Drugs,378.27,1,2024-03,,358.58,2024-03,40.83,8.3,2024-03,45.59,1.87,4.17,1,2023-03,0,15.15,18.39,"532039,"
Lyka Labs Ltd.,LYKALABS,Pharmaceuticals & Drugs,356.05,2,2024-03,56.57,412.62,2024-03,111.19,-2.62,2024-03,0,0,5.22,2,2023-03,2.58,-63.63,-1,"LYKALABS,"
Gennex Laboratories Ltd.,531739,Pharmaceuticals & Drugs,343.45,2,2024-03,5.72,288.19,2024-03,89.56,13.17,2024-03,26.07,0.53,2.09,2,2023-03,0.22,7.95,10.19,"531739,"
Medico Remedies Ltd.,MEDICO,Pharmaceuticals & Drugs,331.94,1,2024-03,6.75,338.69,2024-03,144.92,8.29,2024-03,40.04,0.94,6.34,1,2023-03,0.18,18.01,21.88,"MEDICO,"
Natural Capsules Ltd.,524654,Pharmaceuticals & Drugs,292.16,2,2024-03,108.99,387.81,2024-03,155.42,5.56,2024-03,52.61,2.75,1.43,2,2024-03,0.53,3.4,5,"524654,"
Aashka Hospitals Ltd.,543346,Hospital & Healthcare Services,282.79,1,2024-03,20.39,303.18,2024-03,22.87,2.36,2024-03,119.88,,2.94,1,2023-03,0.31,-2.7,0.42,"543346,"
Nureca Ltd.,NURECA,Medical Equipment/Supplies/Accessories,282,2,2024-03,0.48,237.18,2024-03,91.93,-1.79,2024-03,0,,1.46,2,2024-03,0,-0.92,-1.06,"NURECA,"
Yash Optics & Lens Ltd.,YASHOPTICS,Medical Equipment/Supplies/Accessories,269.57,1,2024-03,25.26,294.83,2024-03,41.11,9.02,2024-03,29.88,,2.9,1,2023-03,0.57,53.48,52.69,"YASHOPTICS,"
SMS Lifesciences India Ltd.,SMSLIFE,Pharmaceuticals & Drugs,263.03,2,2024-03,97.71,359.24,2024-03,305.96,6.33,2024-03,28.93,,1.49,2,2023-03,0.58,7.09,9.44,"SMSLIFE,"
Denis Chem Lab Ltd.,537536,Pharmaceuticals & Drugs,262.48,1,2024-03,1.05,238.85,2024-03,167.82,11.16,2024-03,23.53,0.79,3.27,1,2023-03,0.03,11.33,16.07,"537536,"
Sanjivani Paranteral Ltd.,531569,Pharmaceuticals & Drugs,258.22,1,2024-03,0.97,249.63,2024-03,54.41,6.16,2024-03,41.89,2.65,9.42,1,2023-03,-0.81,0,0,"531569,"
Trident Lifeline Ltd.,543616,Pharmaceuticals & Drugs,257.98,1,2024-03,6.2,264.18,2024-03,44.65,7.04,2024-03,36.62,,5.5,2,2023-03,0.12,24.05,24.32,"543616,"
Quest Laboratories Ltd.,QUESTLAB,Pharmaceuticals & Drugs,255.39,1,2024-03,5.08,260.48,2024-03,82.56,10.09,2024-03,25.3,,3.58,1,2023-03,0.27,40.2,46.52,"QUESTLAB,"
Coral Laboratories Ltd.,524506,Pharmaceuticals & Drugs,251.51,1,2024-03,,190.23,2024-03,83.66,15.79,2024-03,15.93,,1.41,1,2023-03,0,4.15,5.41,"524506,"
Kimia Biosciences Ltd.,530313,Pharmaceuticals & Drugs,246.03,1,2024-03,43.4,288.89,2024-03,104.88,-5.31,2024-03,0,,1607.29,1,2023-03,9.69,-91.91,-14.3,"530313,"
Panchsheel Organics Ltd.,531726,Pharmaceuticals & Drugs,243.68,1,2024-03,6.31,227.9,2024-03,105.22,14.11,2024-03,17.27,0.56,1.93,1,2023-03,0.06,20.52,25.61,"531726,"
Lactose (India) Ltd.,524202,Pharmaceuticals & Drugs,240.14,1,2024-03,38.07,276.35,2024-03,113.89,6.79,2024-03,35.38,1.49,5.08,1,2023-03,0.96,3.03,9.35,"524202,"
Brooks Laboratories Ltd.,BROOKS,Pharmaceuticals & Drugs,230.32,2,2024-03,5.04,234.66,2024-03,79.49,1.53,2024-03,0,,3.05,2,2023-03,0.08,-38.47,-37.84,"BROOKS,"
Bafna Pharmaceuticals Ltd.,BAFNAPH,Pharmaceuticals & Drugs,223.53,1,2024-03,24.39,247.92,2024-03,152.46,7.35,2024-03,30.42,1.39,2.61,1,2023-03,0.31,16.75,16.12,"BAFNAPH,"
Hemant Surgical Industries Ltd.,543916,Medical Equipment/Supplies/Accessories,215.06,1,2024-03,6.75,221.82,2024-03,105.61,9.8,2024-03,21.95,0.42,4.45,1,2023-03,0.3,41.64,44.94,"543916,"
Sudarshan Pharma Industries Ltd.,543828,Pharmaceuticals & Drugs,201.79,1,2024-03,106.89,308.68,2024-03,465.56,11.36,2024-03,17.77,,1.81,2,2023-03,0.34,10.76,15.25,"543828,"
Vaishali Pharma Ltd.,VAISHALI,Pharmaceuticals & Drugs,194.23,1,2024-03,12.61,205.26,2024-03,86.28,0.72,2024-03,270.14,5.13,4.39,1,2023-03,0.41,22.26,21.92,"VAISHALI,"
Bal Pharma Ltd.,BALPHARMA,Pharmaceuticals & Drugs,192.86,2,2024-03,139.65,319.22,2024-03,339.22,7.45,2024-03,26.09,,2.78,2,2023-03,2.05,4.31,9.56,"BALPHARMA,"
BDH Industries Ltd.,524828,Pharmaceuticals & Drugs,192.58,1,2024-03,8.69,201.27,2024-03,85.83,9.87,2024-03,19.51,1.16,3.19,1,2023-03,0.09,16.31,20.84,"524828,"
Alpa Laboratories Ltd.,ALPA,Pharmaceuticals & Drugs,191.47,2,2024-03,5.25,195.01,2024-03,108.74,16.88,2024-03,11.41,0.33,1.26,2,2023-03,0.02,9.82,12.19,"ALPA,"
Smruthi Organics Ltd.,540686,Pharmaceuticals & Drugs,191.15,1,2024-03,11.7,202.28,2024-03,127.64,3.59,2024-03,53.23,1.98,2.74,1,2023-03,0.08,6.11,7.39,"540686,"
Unihealth Consultancy Ltd.,UNIHEALTH,Hospital & Healthcare Services,185.65,1,2024-03,3.3,188.95,2024-03,4.23,3.03,2024-03,61.19,,2.88,2,2023-03,1.43,36.19,22.41,"UNIHEALTH,"
Tyche Industries Ltd.,532384,Pharmaceuticals & Drugs,183.53,1,2024-03,,104.63,2024-03,69.51,12.24,2024-03,14.99,0.77,1.46,1,2023-03,0,12.83,17.27,"532384,"
Syschem (India) Ltd.,531173,Pharmaceuticals & Drugs,183.13,1,2024-03,0.45,183.48,2024-03,233.48,2.76,2024-03,66.35,1.23,3.21,1,2023-03,0.07,31.84,38,"531173,"
Vaidya Sane Ayurved Laboratories Ltd.,MADHAVBAUG,Hospital & Healthcare Services,175.57,1,2024-03,1.68,177.25,2024-03,97.33,1.05,2024-03,167.85,,4.3,2,2023-03,0,11.95,17.96,"MADHAVBAUG,"
Mangalam Drugs And Organics Ltd.,MANGALAM,Pharmaceuticals & Drugs,175.06,1,2024-03,87.95,262,2024-03,368.6,-9.05,2024-03,0,,1.25,1,2023-03,0.49,0.84,6.56,"MANGALAM,"
Pharmaids Pharmaceuticals Ltd.,524572,Pharmaceuticals & Drugs,170.34,2,2024-03,5.35,175.7,2024-03,5.83,-9.8,2024-03,0,,2.4,2,2023-03,0,-49.28,-63.87,"524572,"
Sotac Pharmaceuticals Ltd.,SOTAC,Pharmaceuticals & Drugs,154.7,1,2024-03,11.17,165.87,2024-03,67.1,5.75,2024-03,26.91,,3.2,2,2023-03,2.21,27.53,21.5,"SOTAC,"
Krebs Biochemicals & Industries Ltd.,KREBSBIO,Pharmaceuticals & Drugs,154.48,1,2024-03,193.43,347.91,2024-03,50.42,-19.73,2024-03,0,,-1.32,1,2023-03,-1.84,0,-28.59,"KREBSBIO,"
Medicamen Organics Ltd.,MEDIORG,Pharmaceuticals & Drugs,154.26,1,2024-03,12.66,166.37,,,,2024-03,64.17,,6,1,2024-03,0.83,19.9,16.6,"MEDIORG,"
Asarfi Hospital Ltd.,543943,Hospital & Healthcare Services,136.17,1,2024-03,31.91,168.08,2024-03,84.4,4.21,2024-03,32.33,,2.06,1,2023-03,0.41,24.87,26.21,"543943,"
Aarey Drugs & Pharmaceuticals Ltd.,AAREYDRUGS,Pharmaceuticals & Drugs,133.29,1,2024-03,31.35,164.64,2024-03,395.62,5.57,2024-03,28.45,,1.04,1,2023-03,0.33,3.33,6.27,"AAREYDRUGS,"
Bharat Immunologicals & Biologicals Corporation Ltd.,524663,Pharmaceuticals & Drugs,125.57,1,2023-09,74.36,191.02,2023-03,44.61,-17.06,2023-03,0,,-3.93,1,2023-03,-3.05,0,-25.63,"524663,"
Lasa Supergenerics Ltd.,LASA,Pharmaceuticals & Drugs,125.2,1,2024-03,22.08,145.78,2024-03,104.34,-21.73,2024-03,0,,1.28,1,2023-03,0.18,-27.97,-23.94,"LASA,"
Lotus Eye Hospital And Institute Ltd.,LOTUSEYE,Hospital & Healthcare Services,122.55,1,2024-03,,115.51,2024-03,48.21,2.92,2024-03,42.03,2.2,2.04,1,2023-03,0,7.27,10.43,"LOTUSEYE,"
Fortis Malar Hospitals Ltd.,523696,Hospital & Healthcare Services,121.8,2,2024-03,,13.58,2024-03,59.01,45.32,2024-03,2.69,,1.11,2,2023-03,0,-21.46,-1.3,"523696,"
Mercury Laboratories Ltd.,538964,Pharmaceuticals & Drugs,120.72,1,2024-03,5.5,117.99,2024-03,75.56,5.65,2024-03,21.35,0.95,2.38,1,2023-03,0.12,12.98,16.29,"538964,"
Raaj Medisafe India Ltd.,524502,Medical Equipment/Supplies/Accessories,118.91,1,2024-03,25.87,144.74,2024-03,43.25,3.33,2024-03,35.73,1.05,5.7,1,2023-03,2.08,57.21,24.24,"524502,"
Auro Laboratories Ltd.,530233,Pharmaceuticals & Drugs,117.33,1,2024-03,26.24,141.92,2024-03,53.64,7.73,2024-03,15.06,1.24,2.89,1,2024-03,0.63,20.46,20.37,"530233,"
Parnax Lab Ltd.,506128,Pharmaceuticals & Drugs,117.27,2,2024-03,71.06,186.45,2024-03,188.71,9.62,2024-03,12.2,0.23,1.64,2,2023-03,0.82,15.91,15.2,"506128,"
Ind-Swift Ltd.,INDSWFTLTD,Pharmaceuticals & Drugs,115.8,2,2024-03,1014,1129.8,2024-03,502.25,14.23,2024-03,8.14,,-0.17,2,2023-03,-1.41,0,28.45,"INDSWFTLTD,"
Holmarc Opto-Mechatronics Ltd.,HOLMARC,Medical Equipment/Supplies/Accessories,115.32,1,2024-03,,115.32,2024-03,33.46,3.43,2024-03,33.59,,5.01,1,2023-03,0.12,35.91,44.11,"HOLMARC,"
Biofil Chemicals & Pharmaceuticals Ltd.,BIOFILCHEM,Pharmaceuticals & Drugs,113.1,1,2024-03,0.44,111.26,2024-03,40.04,0.71,2024-03,159.52,44.93,6.25,1,2023-03,0.03,3.28,4.76,"BIOFILCHEM,"
Everest Organics Ltd.,524790,Pharmaceuticals & Drugs,112.8,1,2024-03,57.79,169.76,2024-03,197.24,0.14,2024-03,805.71,,2.41,1,2023-03,1.1,-0.39,3.72,"524790,"
Oxygenta Pharmaceutical Ltd.,524636,Pharmaceuticals & Drugs,112.09,1,2024-03,57.23,169.23,2024-03,39.67,-3.48,2024-03,0,,-6.39,1,2023-03,-1.47,0,-50.31,"524636,"
Zenith Drugs Ltd.,ZENITHDRUG,Pharmaceuticals & Drugs,110.35,1,2024-03,23.93,134.29,2024-03,131.62,9.54,2024-03,11.57,,6.44,2,2023-03,1.51,35.13,26.57,"ZENITHDRUG,"
Source Natural Foods and Herbal Supplements Ltd.,531398,Pharmaceuticals & Drugs,105.66,1,2024-03,0,105.67,2024-03,27.3,1.74,2024-03,60.87,2.83,5.43,1,2023-03,0,12.73,18.71,"531398,"
Samrat Pharmachem Ltd.,530125,Pharmaceuticals & Drugs,103.84,1,2024-03,8.46,102.57,2024-03,281.6,2.16,2024-03,48.01,1.23,1.62,1,2023-03,0.3,30.25,34.91,"530125,"
Maitreya Medicare Ltd.,MAITREYA,Hospital & Healthcare Services,93.88,2,2024-03,5.7,99.58,2024-03,48.7,2.97,2024-03,31.6,,3.91,2,2023-03,0.41,63.3,34.86,"MAITREYA,"
Aayush Wellness Ltd.,539528,Pharmaceuticals & Drugs,91.18,1,2024-03,,91.18,2024-03,0.6,0.58,2024-03,159.41,,18.09,1,2023-03,0,-7.52,-4.02,"539528,"
Constronics Infra Ltd.,523844,Hospital & Healthcare Services,90.23,1,2024-03,5.53,95.76,2024-03,0.75,0.72,2024-03,125.85,6.44,3.27,1,2023-03,2.96,25.7,9.94,"523844,"
Makers Laboratories Ltd.,506919,Pharmaceuticals & Drugs,82.61,2,2024-03,17.7,98.07,2024-03,104.39,-4.81,2024-03,0,,1.31,2,2023-03,0.17,-3.4,1.72,"506919,"
Vista Pharmaceuticals Ltd.,524711,Pharmaceuticals & Drugs,79.15,1,2024-03,7.97,87.11,2024-03,10.29,-4.51,2024-03,0,,1.6,1,2023-03,0.33,-17.16,-9.85,"524711,"
Godavari Drugs Ltd.,530317,Pharmaceuticals & Drugs,78.54,1,2024-03,55.63,134.17,2024-03,156.71,5.55,2024-03,14.15,0.42,2.01,1,2023-03,1.07,12.01,14.53,"530317,"
Deccan Health Care Ltd.,542248,Pharmaceuticals & Drugs,74.39,2,2024-03,1.9,76.29,2024-03,59.73,1.5,2024-03,49.83,,0.77,2,2023-03,0.02,0.46,0.78,"542248,"
Shree Pacetronix Ltd.,527005,Medical Equipment/Supplies/Accessories,72.82,2,2024-03,4.38,76.39,2024-03,22.04,3.36,2024-03,21.68,0.24,5.59,2,2023-03,0.23,40.52,46.13,"527005,"
Amkay Products Ltd.,544169,Medical Equipment/Supplies/Accessories,72.23,1,2024-03,5.46,77.69,2024-03,31.07,2.63,2024-03,27.46,,2.78,1,2023-03,0.61,22,24.73,"544169,"
ANG Lifesciences India Ltd.,540694,Pharmaceuticals & Drugs,69.12,2,2024-03,69.25,132.63,2024-03,146.11,-10.14,2024-03,0,,0.91,2,2023-03,0.81,-0.31,9.53,"540694,"
Transgene Biotek Ltd.,526139,Hospital & Healthcare Services,66,2,2024-03,14,79.99,2024-03,0.24,-0.66,2024-03,0,0,6.16,2,2023-03,1.15,-41.8,-19.99,"526139,"
Shelter Pharma Ltd.,543963,Pharmaceuticals & Drugs,64.62,1,2024-03,0.58,65.2,2024-03,40.02,6.2,2024-03,10.42,0.07,2.16,1,2023-03,0.13,53.66,67.38,"543963,"
Sangani Hospitals Ltd.,SANGANI,Hospital & Healthcare Services,62,1,2024-03,,62,2024-03,12.24,2.7,2024-03,23,,1.87,2,2023-03,0.01,12.91,17.42,"SANGANI,"
Vineet Laboratories Ltd.,VINEETLAB,Pharmaceuticals & Drugs,61.12,1,2024-03,44.3,104.98,2024-03,150.59,1.03,2024-03,59.52,,1.74,1,2023-03,0.92,3.74,8.69,"VINEETLAB,"
Vivo Bio Tech Ltd.,511509,Pharmaceuticals & Drugs,60.42,2,2024-03,73.06,133.48,2024-03,45.45,2.53,2024-03,23.92,,1.11,2,2023-03,1.21,5.44,11.06,"511509,"
Aatmaj Healthcare Ltd.,AATMAJ,Hospital & Healthcare Services,60.12,1,2024-03,5.48,65.59,2024-03,15.74,0.88,2024-03,68.16,,1.14,1,2023-03,0.83,52.62,46.63,"AATMAJ,"
Cian Healthcare Ltd.,542678,Pharmaceuticals & Drugs,59.99,1,2024-03,41.01,101,2024-03,58.75,0.39,2024-03,154.22,,1.17,2,2023-03,1.28,4.06,7.41,"542678,"
Chandra Bhagat Pharma Ltd.,542934,Pharmaceuticals & Drugs,59.61,1,2024-03,16.43,76.03,2024-03,221.37,1.53,2024-03,38.96,,2.08,1,2023-03,0.71,3.49,7.3,"542934,"
Sandu Pharmaceuticals Ltd.,524703,Pharmaceuticals & Drugs,58.63,2,2024-03,,57.43,2024-03,67.29,1.46,2024-03,40.13,,1.85,2,2023-03,0,5,7.55,"524703,"
NG Industries Ltd.,530897,Hospital & Healthcare Services,57.58,1,2024-03,1.18,56.39,2024-03,16.88,5.03,2024-03,11.44,0.21,1.59,1,2023-03,0.02,31.91,36.58,"530897,"
Walpar Nutritions Ltd.,WALPAR,Pharmaceuticals & Drugs,56.81,1,2024-03,0.32,57.13,2024-03,51.31,1.11,2024-03,51.09,,4.26,2,2023-03,0.88,7.15,9.48,"WALPAR,"
GKB Ophthalmics Ltd.,533212,Medical Equipment/Supplies/Accessories,55.32,2,2024-03,11.49,48.97,2024-03,88.26,-2.93,2024-03,0,0,0.93,2,2023-03,0.18,0.18,2.44,"533212,"
JFL Life Sciences Ltd.,JFLLIFE,Pharmaceuticals & Drugs,53.67,1,2024-03,5.69,59.36,2024-03,46.55,3.31,2024-03,16.22,,1.66,1,2023-03,0.22,12.9,15.44,"JFLLIFE,"
Nidan Laboratories And Healthcare Ltd.,NIDAN,Hospital & Healthcare Services,51.36,1,2024-03,12.43,63.8,2024-03,24.18,-3.23,2024-03,0,,0.74,1,2023-03,0.16,5.23,8.5,"NIDAN,"
Tejnaksh Healthcare Ltd.,539428,Hospital & Healthcare Services,48.12,2,2024-03,4.11,47.98,2024-03,12.18,1.76,2024-03,27.1,,2.04,2,2023-03,0.29,8.57,11.36,"539428,"
Roopa Industries Ltd.,530991,Pharmaceuticals & Drugs,46.41,1,2024-03,25.85,68.01,2024-03,70.43,1.52,2024-03,30.55,1.52,3,1,2023-03,1.35,10.17,12.73,"530991,"
Centenial Surgical Suture Ltd.,531380,Medical Equipment/Supplies/Accessories,45.35,1,2024-03,,45.35,2024-03,51.19,1.02,2024-03,39.99,,1.49,1,2023-03,0.32,3.07,8.02,"531380,"
Murae Organisor Ltd.,542724,Pharmaceuticals & Drugs,43,1,2024-03,,43,2024-03,2.54,0.05,2024-03,811.27,48.49,0.77,1,2023-03,0.47,11.18,11.66,"542724,"
Veerhealth Care Ltd.,511523,Pharmaceuticals & Drugs,42.2,1,2024-03,,42.2,2024-03,13.64,0.37,2024-03,104.19,1.65,1.92,1,2023-03,0,8.94,6.32,"511523,"
KMS Medisurgi Ltd.,540468,Medical Equipment/Supplies/Accessories,41.25,1,2024-03,0.54,41.79,2024-03,13.88,0.45,2023-03,72,1.67,5.71,1,2023-03,0.14,8.25,8.65,"540468,"
Family Care Hospitals Ltd.,516110,Hospital & Healthcare Services,40.94,1,2024-03,3.66,44.6,2024-03,40.01,12.3,2024-03,3.26,0.07,0.7,1,2023-03,0.09,17.51,23.2,"516110,"
Medinova Diagnostic Services Ltd.,526301,Hospital & Healthcare Services,39.55,2,2024-03,5,44.55,2024-03,10.17,2,2024-03,19.78,0.85,-12.71,2,2023-03,-1.12,0,2679.22,"526301,"
Concord Drugs Ltd.,538965,Pharmaceuticals & Drugs,39,2,2024-03,16.59,55.42,2024-03,44.93,0.48,2024-03,82.63,,1.15,2,2023-03,0.54,3.31,6.32,"538965,"
Choksi Laboratories Ltd.,526546,Hospital & Healthcare Services,38.73,1,2024-03,29.27,68,2024-03,36.81,1.11,2024-03,34.89,,1.78,1,2023-03,1.44,16.46,13.9,"526546,"
Unick Fix-A-Form And Printers Ltd.,541503,Pharmaceuticals & Drugs,38.59,1,2024-03,16.09,54.68,2024-03,55.82,1.96,2024-03,19.74,,1.23,1,2023-03,0.77,7.92,10.39,"541503,"
Panjon Ltd.,526345,Pharmaceuticals & Drugs,38.13,1,2024-03,1.44,39.57,2024-03,12.55,0.16,2024-03,242.88,5.3,2.53,1,2023-03,0.06,6.2,1.2,"526345,"
Adeshwar Meditex Ltd.,543309,Pharmaceuticals & Drugs,37.52,1,2024-03,13.89,51.41,2024-03,79.85,2.01,2024-03,18.68,,1.14,1,2023-03,0.5,6.49,10.06,"543309,"
Bandaram Pharma Packtech Ltd.,524602,Pharmaceuticals & Drugs,36.54,2,2024-03,12.2,48.74,2024-03,33.92,0.89,2024-03,37.75,,2.98,2,2023-03,4.63,8.4,4.39,"524602,"
Phaarmasia Ltd.,523620,Pharmaceuticals & Drugs,35.5,1,2024-03,,34.87,2024-03,30.59,-0.52,2024-03,0,,3.44,1,2023-03,0,-17.5,-19.24,"523620,"
Gujarat Terce Laboratories Ltd.,524314,Pharmaceuticals & Drugs,35.46,1,2024-03,3.87,39.33,2024-03,47.97,0.24,2024-03,145.33,,4.91,1,2023-03,1.06,-21.71,-14.81,"524314,"
KK Shah Hospitals Ltd.,544013,Hospital & Healthcare Services,33.87,1,2024-03,,33.87,2024-03,6.88,0.61,2024-03,55.71,,2.41,1,2023-03,0,4.28,5.74,"544013,"
Aspira Pathlab & Diagnostics Ltd.,540788,Hospital & Healthcare Services,32.92,1,2024-03,1.08,32.61,2024-03,13.21,-2.67,2024-03,0,0,3.27,1,2023-03,0.08,-0.69,2.4,"540788,"
Global Longlife Hospital and Research Ltd.,543520,Hospital & Healthcare Services,32.55,1,2024-03,12.74,45.29,2024-03,13.52,-2.19,2024-03,0,,1.26,1,2023-03,0.15,4.82,6.69,"543520,"
Zenith Health Care Ltd.,530665,Pharmaceuticals & Drugs,30.15,1,2024-03,,27.6,2024-03,14.52,0.18,2024-03,148.51,,4.11,1,2023-03,0,1.08,1.74,"530665,"
Chennai Meenakshi Multispeciality Hospital Ltd.,523489,Hospital & Healthcare Services,28.02,1,2024-03,11.42,35.65,2024-03,30.9,-0.43,2024-03,0,,-95.39,1,2023-03,87.39,0,21.1,"523489,"
Vilin Bio Med Ltd.,VILINBIO,Pharmaceuticals & Drugs,27.06,1,2024-03,6.83,33.89,2024-03,15.81,0.16,2024-03,168.09,,1.19,1,2023-03,0.46,13.78,17.17,"VILINBIO,"
Samsrita Labs Ltd.,539267,Hospital & Healthcare Services,26.2,1,2024-03,2.2,28.4,2024-03,0,-0.25,2024-03,0,0,2.1,2,2023-03,0.17,-5.48,-4.61,"539267,"
Omkar Pharmachem Ltd.,532167,Pharmaceuticals & Drugs,24.2,1,2024-03,0.3,24.51,2024-03,0.54,0.19,2024-03,128.06,5.66,2.62,1,2023-03,0.07,2.21,3.2,"532167,"
Gujarat Inject (Kerala) Ltd.,524238,Pharmaceuticals & Drugs,23.32,1,2024-03,,23.32,2024-03,5.79,0.08,2024-03,277.63,8.04,2.59,1,2023-03,-1.11,0,0,"524238,"
Gian Life Care Ltd.,542918,Hospital & Healthcare Services,22.84,2,2024-03,4.88,27.72,2024-03,13.12,4.15,2024-03,5.5,,1.19,1,2022-03,0.14,36.94,53.19,"542918,"
Ishita Drugs & Industries Ltd.,524400,Pharmaceuticals & Drugs,20.15,1,2024-03,,15.35,2024-03,15.19,0.75,2024-03,26.98,1.46,2,1,2023-03,0.1,6.5,8.9,"524400,"
Link Pharma Chem Ltd.,524748,Pharmaceuticals & Drugs,19.98,1,2024-03,9.22,29.12,2024-03,29.9,-1.37,2024-03,0,,1.44,1,2023-03,0.58,4.43,7.38,"524748,"
Emmessar Biotech & Nutrition Ltd.,524768,Pharmaceuticals & Drugs,19.98,1,2024-03,0.11,13.91,2024-03,0.55,0.75,2024-03,26.65,,2.7,1,2023-03,0.01,7.85,14.99,"524768,"
Colinz Laboratories Ltd.,531210,Pharmaceuticals & Drugs,19.35,1,2024-03,0.57,12.92,2024-03,7.03,0.48,2024-03,39.81,2.71,2.16,1,2023-03,0.03,5.78,7.86,"531210,"
Saroja Pharma Industries India Ltd.,SAROJA,Pharmaceuticals & Drugs,17.69,1,2024-03,5.74,23.43,2024-03,40.86,0.88,2024-03,20.17,,1.25,1,2023-03,2,23.28,22.1,"SAROJA,"
Decipher Labs Ltd.,524752,Pharmaceuticals & Drugs,17.68,2,2024-03,,17.68,2024-03,35.88,-1.68,2024-03,0,,0.81,2,2023-03,0.04,-11.32,-12.54,"524752,"
Beryl Drugs Ltd.,524606,Pharmaceuticals & Drugs,17.19,1,2024-03,5.09,22.06,2024-03,27.12,0.77,2024-03,22.38,,1.93,1,2023-03,0.56,10,11.51,"524606,"
Ortin Laboratories Ltd.,ORTINLAB,Pharmaceuticals & Drugs,16.64,1,2024-03,1.8,16.1,2024-03,2.28,-8.04,2024-03,0,,5.89,1,2023-03,0.59,-0.86,1.66,"ORTINLAB,"
Kretto Syscon Ltd.,531328,Medical Equipment/Supplies/Accessories,15.68,1,2024-03,1.02,16.65,2024-03,0,0.26,2024-03,61.49,,0.94,1,2023-03,0,1.15,1.55,"531328,"
Norris Medicines Ltd.,524414,Pharmaceuticals & Drugs,14.95,1,2024-03,21.52,36.48,2024-03,5.64,-1.19,2024-03,0,0,-1.1,1,2023-03,-1.72,0,3.17,"524414,"
Parmax Pharma Ltd.,540359,Pharmaceuticals & Drugs,11.97,1,2024-03,5.91,17.88,2024-03,11.05,-5.75,2024-03,0,,-11.9,1,2023-03,0.98,-2.26,3.93,"540359,"
Ganga Pharmaceuticals Ltd.,539680,Pharmaceuticals & Drugs,11.93,1,2024-03,1.36,13.29,2024-03,2.74,0.05,2024-03,253.86,,1.83,1,2023-03,0.34,0.72,3.38,"539680,"
Bacil Pharma Ltd.,524516,Pharmaceuticals & Drugs,11.79,1,2024-03,0.1,11.89,2024-03,0,-0.06,2024-03,0,,29.38,1,2023-03,0.02,-19.41,-8.44,"524516,"
Transpact Enterprises Ltd.,542765,Medical Equipment/Supplies/Accessories,11.22,1,2024-03,0.05,11.27,2024-03,0,-0.09,2024-03,0,0,22.4,1,2023-03,0.52,-11.64,-7.88,"542765,"
Soni Medicare Ltd.,539378,Hospital & Healthcare Services,10.72,1,2024-03,9.78,20.49,2024-03,28.52,-1.68,2024-03,0,,6.64,1,2023-03,2.64,-18.52,0.84,"539378,"
Unjha Formulations Ltd.,531762,Pharmaceuticals & Drugs,10.43,1,2024-03,,10.43,2024-03,18.51,0.28,2024-03,37.5,25.47,2.16,1,2023-03,0,12.22,16.76,"531762,"
Parenteral Drugs (India) Ltd.,PDPL,Pharmaceuticals & Drugs,10.11,1,2022-03,106.23,116.34,2022-03,8.57,-76.36,2022-03,0,,-0.01,1,2021-03,-0.84,0,0,"PDPL,"
Kobo Biotech Ltd.,531541,Pharmaceuticals & Drugs,10.08,1,2024-03,139.69,149.59,2024-03,0,-4.93,2024-03,0,0,-0.08,1,2023-03,-1.09,0,-36.84,"531541,"
Chemo-Pharma Laboratories Ltd.,506365,Pharmaceuticals & Drugs,9.99,1,2024-03,,3.88,2024-03,0,1.2,2024-03,8.32,,0.78,1,2023-03,0,0.41,0.74,"506365,"
Dr Lalchandani Labs Ltd.,541299,Hospital & Healthcare Services,9.66,1,2024-03,3.48,13.14,2024-03,4.81,0.62,2024-03,15.66,,1.1,1,2023-03,0.72,-16.23,-3.69,"541299,"
Dhanvantri Jeevan Rekha Ltd.,531043,Hospital & Healthcare Services,9.09,1,2024-03,,9.09,2024-03,20.47,0.17,2024-03,53.5,,0.96,1,2023-03,0,-2.31,-1.46,"531043,"
Hindustan Bio Sciences Ltd.,532041,Pharmaceuticals & Drugs,8.64,1,2024-03,2.56,11.2,2024-03,1.03,0.05,2024-03,151.6,10.34,10.78,1,2023-03,3.29,-5.28,-1.1,"532041,"
Adline Chem Lab Ltd.,524604,Pharmaceuticals & Drugs,8.45,1,2024-03,1.48,9.94,2024-03,0,-0.14,2024-03,0,0,-4.94,1,2023-03,-0.85,-783.45,-226.98,"524604,"
Brawn Biotech Ltd.,530207,Pharmaceuticals & Drugs,8.25,1,2024-03,,8.25,2024-03,16.49,-1.54,2024-03,0,,1.57,1,2023-03,0,-12.83,-5.94,"530207,"
Sharma East India Hospitals & Medical Research Ltd.,524548,Hospital & Healthcare Services,8.14,1,2024-03,5.04,13.19,2024-03,18.52,0.66,2024-03,12.3,0.28,0.79,1,2023-03,0.79,9.06,12.03,"524548,"
iStreet Network Ltd.,524622,Pharmaceuticals & Drugs,7.92,1,2024-03,1.8,9.72,2024-03,0,-0.13,2024-03,0,0,-3.21,1,2023-03,-0.77,0,-62.41,"524622,"
Shamrock Industrial Company Ltd.,531240,Pharmaceuticals & Drugs,7.9,1,2024-03,,7.9,2024-03,0.11,-0.04,2024-03,0,,4.55,1,2023-03,0,-7,-6.96,"531240,"
MPS Pharmaa Ltd.,531686,Pharmaceuticals & Drugs,6.67,1,2024-03,7.27,13.94,2024-03,0,-0.83,2024-03,0,,3.41,1,2023-03,2.42,-31.75,-11.15,"531686,"
Looks Health Services Ltd.,534422,Hospital & Healthcare Services,6.66,1,2024-03,,6.66,2024-03,0,-0.02,2024-03,0,,0.45,1,2023-03,0,-1.07,-0.69,"534422,"
Fabino Enterprises Ltd.,543444,Pharmaceuticals & Drugs,6.33,1,2024-03,0.84,7.16,2024-03,6.08,0.05,2024-03,134.67,,1.54,1,2023-03,0.1,0.26,0.58,"543444,"
Hemo Organic Ltd.,524590,Pharmaceuticals & Drugs,4.16,1,2024-03,1.24,5.4,2024-03,0.02,-0.26,2024-03,0,0,-13.19,1,2023-03,-0.69,0,-486.91,"524590,"
Desh Rakshak Aushdhalaya Ltd.,531521,Pharmaceuticals & Drugs,4.11,1,2024-03,2.78,6.89,2024-03,6.01,0.47,2024-03,9.62,1.29,0.46,1,2023-03,0.46,4.54,6.7,"531521,"
Kabra Drugs Ltd.,524322,Pharmaceuticals & Drugs,3.47,1,2024-03,1.71,2.51,2024-03,0,-0.74,2024-03,0,0,-2.37,1,2023-03,-1.89,0,-52.6,"524322,"
Dolphin Medical Services Ltd.,526504,Hospital & Healthcare Services,2.9,1,2024-03,0.8,3.69,2024-03,0.68,-0.1,2024-03,0,0,0.29,1,2023-03,0.07,-1.22,-0.98,"526504,"
Raymed Labs Ltd.,531207,Pharmaceuticals & Drugs,1.02,1,2024-03,,1.02,2024-03,0,-0.11,2024-03,0,,-0.42,1,2023-03,0,0,0,"531207,"
Nephro Care India Ltd.,NEPHROCARE,Hospital & Healthcare Services,0,1,2023-03,2.46,0,,,,-0,,,,1,2023-03,1.01,132.46,72.09,"NEPHROCARE,"
