Sector: Information Technology,
Date: 05-Jul-2024,
Note:- Statement: 1 = Standalone and 2 = Consolidated,
Generated by and for: sangram.dash.mobile@gmail.com,

Stock Name,Symbol,Industry,Market Cap(Rs. Cr.),TTM Statement,Period Ending,Total Debt(Rs. Cr.),Enterprise Value(Rs. Cr.),TTM Ending (Results),Net Sales (Rs. Cr.),Profit After Tax (Rs. Cr.),TTM Ending (Valuation),Price Earning Ratio(TTM),"PEG Ratio ",Price To Book Value(TTM),Statement,Year Ending,Debt Equity Ratio,Return On Equity(%),Return On Capital Employed(%),Symbol with Comma for External Upload
Tata Consultancy Services Ltd.,TCS,IT - Software,1450020.93,2,2024-03,0,1436734.93,2024-03,240893,46099,2024-03,31.59,3.81,16.07,2,2024-03,0,51.04,69.5,"TCS,"
Infosys Ltd.,INFY,IT - Software,689257.49,2,2024-03,0,674471.49,2024-03,153671,26248,2024-03,26.27,2.34,7.9,2,2024-03,0,32.46,44.59,"INFY,"
HCL Technologies Ltd.,HCLTECH,IT - Software,413928.91,2,2024-03,2327,396105.91,2024-03,109913,15710,2024-03,26.36,2.35,6.06,2,2023-03,0.03,23.41,29.71,"HCLTECH,"
Wipro Ltd.,WIPRO,IT - Software,279094.83,2,2024-03,14146.6,283546.13,2024-03,89760.3,11135.4,2024-03,25.27,6.06,3.78,2,2024-03,0.19,14.72,17.62,"WIPRO,"
Zomato Ltd.,ZOMATO,e-Commerce,181791.76,2,2024-03,,181060.76,2024-03,12114,351,2024-03,517.93,,8.9,2,2023-03,0,-5.79,-5.37,"ZOMATO,"
LTIMindtree Ltd.,LTIM,IT - Software,161577.85,2,2024-03,40.7,158802.55,2024-03,35517,4584.6,2024-03,35.26,1.42,8.21,2,2024-03,0,25.63,34.1,"LTIM,"
Tech Mahindra Ltd.,TECHM,IT - Software,143445.56,2,2024-03,1531,140241.06,2024-03,51995.5,2386.3,2024-03,60.84,,5.43,2,2024-03,0.06,8.89,12.02,"TECHM,"
Oracle Financial Services Software Ltd.,OFSS,IT - Software,90561.4,2,2024-03,0,85023.21,2024-03,6372.96,2219.36,2024-03,40.81,4.13,11.72,2,2024-03,0,29.53,39.83,"OFSS,"
Info Edge (India) Ltd.,NAUKRI,BPO/ITeS,87688.79,2,2024-03,2.58,86498.4,2024-03,2536.34,725.54,2024-03,152.45,10.13,2.9,2,2023-03,0,-0.46,1.04,"NAUKRI,"
Persistent Systems Ltd.,PERSISTENT,IT - Software,73699.83,2,2024-03,207.32,72884.26,2024-03,9821.59,1093.49,2024-03,67.4,2.65,15.61,2,2024-03,0.04,25.86,31.26,"PERSISTENT,"
PB Fintech Ltd.,POLICYBZR,Fintech,63144.78,2,2024-03,,62409.81,2024-03,3437.68,66.42,2024-03,942.74,,10.74,2,2023-03,0,-10.15,-8.57,"POLICYBZR,"
L&T Technology Services Ltd.,LTTS,IT - Software,54062.37,2,2024-03,0,52671.87,2024-03,9647.2,1306.2,2024-03,41.47,3.69,10.34,2,2024-03,0,27.29,38,"LTTS,"
FSN E-Commerce Ventures Ltd.,NYKAA,e-Commerce,50394.52,2,2024-03,680.39,50835.06,2024-03,6385.63,43.72,2024-03,0,,39.92,2,2023-03,0.34,1.85,6.49,"NYKAA,"
Mphasis Ltd.,MPHASIS,IT - Software,49648.12,2,2024-03,1543.57,50377.32,2024-03,13278.52,1554.82,2024-03,31.93,4.15,5.81,2,2024-03,0.18,19.11,24.14,"MPHASIS,"
KPIT Technologies Ltd.,KPITTECH,IT - Software,46803.2,2,2024-03,44.74,46077.41,2024-03,4871.54,599.05,2024-03,78.72,0.24,21.78,2,2023-03,0.03,26.55,35.12,"KPITTECH,"
Tata Elxsi Ltd.,TATAELXSI,IT - Software,43817.39,1,2024-03,0,42460.29,2024-03,3552.15,792.24,2024-03,55.31,2.48,17.58,1,2024-03,0,34.62,46.6,"TATAELXSI,"
Tata Technologies Ltd.,TATATECH,IT - Software,41073.94,2,2024-03,0,40160.55,2024-03,5117.2,679.37,2024-03,60.46,4.44,12.77,2,2024-03,0,21.9,30.63,"TATATECH,"
Coforge Ltd.,COFORGE,IT - Software,39288.64,2,2024-03,436.6,39390.04,2024-03,9179,835.6,2024-03,48.62,2.25,6.7,2,2023-03,0.11,26.28,31.71,"COFORGE,"
One97 Communications Ltd.,PAYTM,Fintech,26788.01,2,2024-03,,21541.81,2024-03,9977.8,-1175.6,2024-03,0,,2.01,2,2023-03,0,-14.95,-12.66,"PAYTM,"
Cyient Ltd.,CYIENT,IT - Software,19932.16,2,2024-03,452.6,19401.26,2024-03,7147.2,702.8,2024-03,29.19,3.15,4.74,2,2024-03,0.11,18.45,22.71,"CYIENT,"
Birlasoft Ltd.,BSOFT,IT - Software,19873.61,2,2024-03,,19448.68,2024-03,5278.14,623.76,2024-03,31.86,5.72,6.53,2,2023-03,0,13.35,18.33,"BSOFT,"
Affle (India) Ltd.,AFFLE,BPO/ITeS,18816.76,2,2024-03,177.74,17757.95,2024-03,1842.81,297.26,2024-03,63.3,,7.53,2,2023-03,0.07,18.67,20.24,"AFFLE,"
Sonata Software Ltd.,SONATSOFTW,IT - Software,18021.5,2,2024-03,674.3,17830.83,2024-03,8613.06,308.49,2024-03,58.42,3.12,12.81,2,2023-03,0.38,37.85,42.01,"SONATSOFTW,"
Firstsource Solutions Ltd.,FSL,BPO/ITeS,16880.76,2,2024-03,812.31,17504.61,2024-03,6336.24,514.72,2024-03,32.8,5.14,4.61,2,2024-03,0.22,14.8,16.84,"FSL,"
Zensar Technologies Ltd.,ZENSARTECH,IT - Software,16816.58,2,2024-03,,16092.48,2024-03,4901.8,665.1,2024-03,25.29,4.02,4.72,2,2023-03,0,11.66,16.67,"ZENSARTECH,"
Indiamart Intermesh Ltd.,INDIAMART,e-Commerce,16314.33,2,2024-03,0,16213.13,2024-03,1196.8,374.4,2024-03,48.85,0.65,9.6,2,2024-03,0,17.9,24.42,"INDIAMART,"
Intellect Design Arena Ltd.,INTELLECT,IT - Software,14903.27,2,2024-03,0.01,14698.96,2024-03,2506.44,319.99,2024-03,46.4,2.37,6.48,2,2024-03,0,15.21,20.76,"INTELLECT,"
Newgen Software Technologies Ltd.,NEWGEN,IT - Software,13491.86,2,2024-03,2.2,13118.12,2024-03,1243.83,251.55,2024-03,53.62,2.72,11.44,2,2024-03,0,23.51,27.88,"NEWGEN,"
CE Info Systems Ltd.,MAPMYINDIA,IT - Software,13210.87,2,2024-03,18.4,13115.98,2024-03,379.41,135.9,2024-03,98.62,,20.04,2,2023-03,0.03,22.5,28.16,"MAPMYINDIA,"
Tanla Platforms Ltd.,TANLA,IT - Software,12799.23,2,2024-03,0,12132.14,2024-03,3927.79,548.31,2024-03,23.34,0.3,6.69,2,2024-03,0,32.2,40.02,"TANLA,"
Happiest Minds Technologies Ltd.,HAPPSTMNDS,IT - Software,12622.82,2,2024-03,442.37,11728.66,2024-03,1624.66,248.39,2024-03,50.82,1.11,8.53,2,2024-03,0.3,21.46,23.35,"HAPPSTMNDS,"
eClerx Services Ltd.,ECLERX,BPO/ITeS,12246.29,2,2024-03,,11554.2,2024-03,2925.54,511.73,2024-03,23.94,1.88,5.43,2,2023-03,0,30.04,41.12,"ECLERX,"
Zen Technologies Ltd.,ZENTEC,IT - Software,11978.41,2,2024-03,0.62,11820.85,2024-03,439.85,129.5,2024-03,93.67,2.25,26.7,2,2023-03,0.02,16.83,24.51,"ZENTEC,"
Route Mobile Ltd.,ROUTE,IT - Software,11082.18,2,2024-03,349.64,10675.21,2024-03,4023.29,388.84,2024-03,29.55,0.64,5.16,2,2023-03,0.06,19.37,22.4,"ROUTE,"
RateGain Travel Technologies Ltd.,RATEGAIN,IT - Software,9594.22,2,2024-03,,9202.99,2024-03,957.03,145.39,2024-03,65.99,,6.61,2,2023-03,0,10.54,10.65,"RATEGAIN,"
Quess Corp Ltd.,QUESS,BPO/ITeS,9387.28,2,2024-03,369.54,9211.55,2024-03,19100.13,280.62,2024-03,33.78,,3.35,2,2023-03,0.21,9.1,12.87,"QUESS,"
Aurionpro Solutions Ltd.,AURIONPRO,IT - Software,8899.32,2,2024-03,69.19,8699.8,2024-03,887.47,142.92,2024-03,63.13,33.11,6.66,2,2023-03,0.15,22.78,25.93,"AURIONPRO,"
Mastek Ltd.,MASTEK,IT - Software,8766.41,2,2024-03,486.55,8870.35,2024-03,3054.79,310.97,2024-03,29.19,0.95,4.17,2,2023-03,0.22,22.87,27.27,"MASTEK,"
Just Dial Ltd.,JUSTDIAL,BPO/ITeS,8731.51,2,2024-03,0,8713.82,2024-03,1042.91,362.93,2024-03,24.06,2.02,2.17,2,2024-03,0,9.47,12.37,"JUSTDIAL,"
CMS Info Systems Ltd.,CMSINFO,BPO/ITeS,8398.53,2,2024-03,,8131.52,2024-03,2264.68,347.14,2024-03,24.19,0.79,4.31,2,2023-03,0,21.64,29.85,"CMSINFO,"
Infibeam Avenues Ltd.,INFIBEAM,Fintech,8315.4,2,2024-03,71.72,7679.08,2024-03,3171.1,157.98,2024-03,52.59,5.47,2.41,2,2023-03,0,4.59,6.02,"INFIBEAM,"
eMudhra Ltd.,EMUDHRA,BPO/ITeS,7460.09,2,2024-03,7.47,7222.13,2024-03,373.12,76.35,2024-03,99.38,3.19,11.46,2,2024-03,0.01,14.7,17.86,"EMUDHRA,"
Magellanic Cloud Ltd.,538891,IT - Software,7351.69,2,2024-03,255.17,7590.18,2024-03,560.43,102.95,2024-03,71.5,1.06,18.08,2,2024-03,0.63,29.27,28.25,"538891,"
Nazara Technologies Ltd.,NAZARA,IT - Software,6962.61,2,2024-03,9.28,5762.18,2024-03,1138.28,91.46,2024-03,123.08,263.04,3.48,2,2023-03,0.03,5.94,8.7,"NAZARA,"
"NIIT Learning Systems Ltd. ",NIITMTS,IT - Software,6443.56,2,2024-03,93.01,6252.16,2024-03,1553.51,213.24,2024-03,30.22,,6.59,2,2023-03,0.16,30.27,34.06,"NIITMTS,"
MSTC Ltd.,MSTCLTD,e-Commerce,6216.32,2,2024-03,145,5213.02,2024-03,750.82,211.24,2024-03,30.42,1.19,6.99,2,2023-03,0.18,33.59,37.96,"MSTCLTD,"
R Systems International Ltd.,RSYSTEMS,IT - Software,6211.52,2,2023-12,57.92,6017.72,2024-03,1697.09,132.26,2024-03,47.14,2.11,9.72,2,2023-12,0.09,24.22,34.35,"RSYSTEMS,"
Protean e-Gov Technologies Ltd.,544021,BPO/ITeS,5787.93,2,2024-03,,5637.17,2024-03,882.04,97.29,2024-03,59.49,,6.25,2,2023-03,0,13.05,17.18,"544021,"
Moschip Technologies Ltd.,532407,IT - Software,5735.9,2,2024-03,45.09,5758.49,2024-03,293.92,9.88,2024-03,580.32,29.01,21.27,2,2023-03,0.4,7.79,10.1,"532407,"
Blue Cloud Softech Solutions Ltd.,539607,IT - Software,4949.61,1,2024-03,,4949.61,2024-03,204.38,5.73,2024-03,862.9,13.12,74.82,1,2023-03,0.02,5.68,7.42,"539607,"
Hinduja Global Solutions Ltd.,HGS,BPO/ITeS,4084.71,2,2024-03,1305.91,4509.16,2024-03,4615.72,131.16,2024-03,30.67,4.34,0.55,2,2023-03,0.07,3.47,3.6,"HGS,"
Datamatics Global Services Ltd.,DATAMATICS,IT - Software,4021.52,2,2024-03,,3890.27,2024-03,1549.89,197.1,2024-03,20.29,0.84,3.27,2,2023-03,0,19.49,25.37,"DATAMATICS,"
CarTrade Tech Ltd.,CARTRADE,e-Commerce,3963.67,2,2024-03,,3864.22,2024-03,684.27,71.85,2024-03,277.12,6.08,1.91,2,2023-03,0,2.26,3.44,"CARTRADE,"
Nucleus Software Exports Ltd.,NUCLEUS,IT - Software,3797.66,2,2024-03,0,3723.72,2024-03,826.45,191.6,2024-03,19.82,0.95,4.88,2,2024-03,0,27.61,36.99,"NUCLEUS,"
Cigniti Technologies Ltd.,CIGNITITEC,IT - Software,3729.19,2,2024-03,34.93,3603.66,2024-03,1815.01,165.59,2024-03,22.52,0.57,5.05,2,2023-03,0.05,32.25,40.13,"CIGNITITEC,"
Zaggle Prepaid Ocean Services Ltd.,ZAGGLE,Fintech,3662.23,2,2024-03,73.6,3456.52,2024-03,775.6,44.02,2024-03,83.19,,6.36,2,2023-03,3.53,66.69,25.36,"ZAGGLE,"
Network People Services Technologies Ltd.,NPST,IT - Software,3425.7,1,2024-03,0.14,3425.84,2024-03,127.51,26.71,2024-03,128.27,,64.42,2,2023-03,0.01,25.72,34.35,"NPST,"
Saksoft Ltd.,SAKSOFT,IT - Software,3053.08,2,2024-03,8.35,2868.92,2024-03,761.62,96.17,2024-03,31.75,1.05,6.03,2,2023-03,0,22.85,29.6,"SAKSOFT,"
Sasken Technologies Ltd.,SASKEN,IT - Software,2814.52,2,2024-03,0,2759.37,2024-03,406.43,78.74,2024-03,35.76,,3.7,2,2024-03,0,10.69,12.65,"SASKEN,"
Quick Heal Technologies Ltd.,QUICKHEAL,IT - Software,2809.7,2,2024-03,,2771.94,2024-03,291.75,24.24,2024-03,115.91,,6.43,2,2023-03,0,1.24,1.53,"QUICKHEAL,"
Accelya Solutions India Ltd.,ACCELYA,IT - Software,2757.85,2,2023-12,,2676.98,2024-03,505.53,94.77,2024-03,29.1,5.56,9.54,2,2023-06,0,47.58,64.76,"ACCELYA,"
Axiscades Technologies Ltd.,AXISCADES,IT - Software,2611.7,2,2024-03,238.46,2697.3,2024-03,955.12,33.41,2024-03,79.61,1.15,4.46,2,2023-03,0.97,-1.48,11.21,"AXISCADES,"
RPSG Ventures Ltd.,RPSGVENT,IT - Software,2495.05,2,2024-03,3268.07,5074,2024-03,7950.94,198.24,2024-03,0,,0.94,2,2023-03,1.11,-2.43,14.21,"RPSGVENT,"
Vakrangee Ltd.,VAKRANGEE,BPO/ITeS,2458.92,2,2024-03,12.06,2422.29,2024-03,212.58,4.35,2024-03,564.88,,12.31,2,2023-03,0.48,0.81,2.49,"VAKRANGEE,"
Genesys International Corporation Ltd.,GENESYS,IT - Software,2429.57,2,2024-03,51.87,2405.06,2024-03,198.24,21.61,2024-03,110.07,,4.97,2,2023-03,0.08,5.11,8.43,"GENESYS,"
Kody Technolab Ltd.,KODYTECH,IT - Software,2376.34,1,2024-03,1,2377.33,2024-03,22.46,4.89,2024-03,486.16,,64.04,1,2023-03,1.59,176.56,72.76,"KODYTECH,"
Expleo Solutions Ltd.,EXPLEOSOL,IT - Software,1990.48,2,2024-03,,1806.42,2024-03,964.87,90.44,2024-03,22.01,0.66,3.26,2,2023-03,0,28.96,40.69,"EXPLEOSOL,"
D-Link (India) Ltd.,DLINKINDIA,IT - Networking,1927.74,2,2024-03,,1865.29,2024-03,1235.7,92.63,2024-03,20.81,0.45,4.43,2,2023-03,0,25.36,34.41,"DLINKINDIA,"
Subex Ltd.,SUBEXLTD,IT - Software,1837.19,2,2024-03,,1738.97,2024-03,309.72,-191.73,2024-03,0,,5.51,2,2023-03,0,-9.5,-6.58,"SUBEXLTD,"
KKRRAFTON Developers Ltd.,521238,IT - Software,1819.31,1,2024-03,3.71,1823.01,2024-03,25.76,3.18,2024-03,545.68,,18.2,1,2023-03,7.87,0.4,0.06,"521238,"
Brightcom Group Ltd.,BCG,IT - Software,1812.63,1,2023-09,109.48,1921.36,2023-09,490.02,18.12,2023-09,100.01,4.73,1.14,1,2022-03,0.06,0.15,0.34,"BCG,"
TechNVision Ventures Ltd.,501421,IT - Software,1743.79,2,2023-09,,1743.79,2024-03,192.77,13.53,2024-03,128.85,8.28,253.68,2,2023-03,1.49,0,25.88,"501421,"
Allsec Technologies Ltd.,ALLSEC,BPO/ITeS,1726.27,2,2024-03,,1644.27,2024-03,469.37,64,2024-03,26.97,,7.03,2,2023-03,0,22.25,31.16,"ALLSEC,"
Trident Techlabs Ltd.,TECHLABS,IT - Software,1702.96,1,2024-03,19.28,1722.25,2024-03,72.62,9.37,2024-03,181.8,,37.62,1,2023-03,1.19,33.02,23.56,"TECHLABS,"
63 Moons Technologies Ltd.,63MOONS,IT - Software,1673.11,2,2024-03,,390.29,2024-03,472.11,212.35,2024-03,7.52,,0.5,2,2023-03,0,-0.7,0.65,"63MOONS,"
One Point One Solutions Ltd.,ONEPOINT,BPO/ITeS,1650.68,2,2024-03,27.61,1660.18,2024-03,169.76,22.88,2024-03,77.2,,11.74,2,2023-03,0.33,17.26,26.71,"ONEPOINT,"
NIIT Ltd.,NIITLTD,IT - Education,1593.72,2,2024-03,,1494.04,2024-03,303.47,39.91,2024-03,41.55,,1.54,2,2023-03,0,0.9,1.37,"NIITLTD,"
Dynacons Systems & Solutions Ltd.,DSSL,IT - Software,1539.69,2,2024-03,33.19,1484.78,2024-03,1024.46,53.82,2024-03,28.6,0.39,9.77,2,2023-03,0.63,39.18,37.08,"DSSL,"
Alphalogic Techsys Ltd.,542770,BPO/ITeS,1459.17,2,2024-03,4.93,1464.09,2024-03,53.92,5.29,2024-03,352.24,,37.02,2,2024-03,0.13,16.18,19.31,"542770,"
Sahana System Ltd.,SAHANA,IT - Software,1451.4,1,2024-03,12.64,1464.05,2024-03,53.68,15.04,2024-03,96.52,,33.34,1,2023-03,0.44,83.52,75.39,"SAHANA,"
Matrimony.Com Ltd.,MATRIMONY,BPO/ITeS,1420.22,2,2024-03,,1197.4,2024-03,481.36,49.55,2024-03,28.66,,4.87,2,2023-03,0,16.7,21.95,"MATRIMONY,"
ASM Technologies Ltd.,526433,IT - Software,1416.44,2,2024-03,68.99,1412.43,2024-03,201.65,-6.9,2024-03,0,,13.08,2,2024-03,0.64,-7.94,-0.4,"526433,"
Xchanging Solutions Ltd.,XCHANGING,IT - Software,1381.41,2,2024-03,104.26,1177.64,2024-03,174.42,13.7,2024-03,100.83,,3.9,2,2024-03,0.29,2.66,12,"XCHANGING,"
KSolves India Ltd.,KSOLVES,IT - Software,1342.1,2,2024-03,,1334.18,2024-03,108.64,34.16,2024-03,39.3,,56.32,2,2023-03,0,126.58,168.86,"KSOLVES,"
Aptech Ltd.,APTECHT,IT - Education,1296.43,2,2024-03,,1271.24,2024-03,436.81,29.04,2024-03,44.64,1.42,4.99,2,2023-03,0,29.32,35.63,"APTECHT,"
Allied Digital Services Ltd.,ADSL,IT - Software,1251.66,2,2024-03,59.64,1173.41,2024-03,687.07,45.85,2024-03,27.3,,2.16,2,2023-03,0.07,10.24,13.45,"ADSL,"
Ramco Systems Ltd.,RAMCOSYS,IT - Software,1219.04,2,2024-03,,1190.64,2024-03,525.83,-241.73,2024-03,0,,3.91,2,2023-03,0.08,-39.59,-36.37,"RAMCOSYS,"
Aurum Proptech Ltd.,AURUM,IT - Software,1181.1,2,2024-03,193.9,1352.06,2024-03,214.05,-65.98,2024-03,0,,6.01,2,2023-03,0.03,-20.87,-21.39,"AURUM,"
Infobeans Technologies Ltd.,INFOBEAN,IT - Software,1150.09,2,2024-03,,1150.09,2024-03,368.52,22.47,2024-03,51.18,3.1,3.89,2,2023-03,0,14.44,21.62,"INFOBEAN,"
Creative Newtech Ltd.,CREATIVE,BPO/ITeS,1138.76,2,2024-03,73.56,1195.13,2024-03,1713.12,48.25,2024-03,23.6,,4.83,2,2023-03,0.76,27.52,24.68,"CREATIVE,"
Kellton Tech Solutions Ltd.,KELLTONTEC,IT - Software,1132.29,2,2024-03,129.06,1261.35,2024-03,982.9,64.01,2024-03,17.69,,2.55,2,2023-03,0.4,-29.91,-18.43,"KELLTONTEC,"
Innovana Thinklabs Ltd.,INNOVANA,IT - Software,1066,2,2024-03,7.53,1067.82,2024-03,100.8,41.43,2024-03,25.84,0.93,6.98,2,2023-03,0.01,27.77,33.64,"INNOVANA,"
Veefin Solutions Ltd.,543931,IT - Software,1056.42,1,2024-03,6.38,1062.8,2024-03,20.76,5.64,2024-03,187.37,,8.67,2,2023-03,0.02,16.76,18.57,"543931,"
Digispice Technologies Ltd.,DIGISPICE,IT - Software,1053.99,2,2024-03,25.76,704.67,2024-03,439.43,49.9,2024-03,90.28,10.24,4.16,2,2023-03,0.38,-9.34,-5.7,"DIGISPICE,"
Tracxn Technologies Ltd.,TRACXN,IT - Software,1018.92,1,2024-03,,1018.92,2024-03,82.77,6.5,2024-03,156.71,,14.27,1,2023-03,0,266.94,25.52,"TRACXN,"
Onward Technologies Ltd.,ONWARDTEC,IT - Software,953.97,2,2024-03,0,922.5,2024-03,472.39,33.92,2024-03,28.13,1.03,4.77,2,2024-03,0,18.34,24.38,"ONWARDTEC,"
Danlaw Technologies India Ltd.,532329,IT - Software,934.19,1,2024-03,22.64,956.83,2024-03,210.98,22.22,2024-03,42.03,0.93,16.46,1,2023-03,0.83,23.01,22.69,"532329,"
Nintec Systems Ltd.,NINSYS,IT - Software,891.74,1,2024-03,2.36,894.1,2024-03,64.74,14.07,2024-03,63.37,1.05,26.71,1,2023-03,0,33.37,44.42,"NINSYS,"
Mindteck (India) Ltd.,MINDTECK,IT - Software,857.95,2,2024-03,,732.99,2024-03,385.53,27.31,2024-03,31.42,0.65,3.88,2,2023-03,0,11.43,14.74,"MINDTECK,"
Ceinsys Tech Ltd.,538734,IT - Software,857.82,2,2024-03,4.65,833.33,2024-03,252.94,23.17,2024-03,24.51,0.38,3.66,2,2023-03,0.29,17.59,16.23,"538734,"
Onmobile Global Ltd.,ONMOBILE,IT - Software,778.7,2,2024-03,13,728.03,2024-03,513.24,15.31,2024-03,51.11,,1.2,2,2023-03,0.01,1.05,1.32,"ONMOBILE,"
RS Software (India) Ltd.,RSSOFTWARE,IT - Software,759.3,2,2024-03,0,736.34,2024-03,59.54,18.35,2024-03,41.93,1.93,15.61,2,2024-03,0,46.39,47.01,"RSSOFTWARE,"
FCS Software Solutions Ltd.,FCSSOFT,IT - Software,719.72,2,2024-03,,699.86,2024-03,36.56,-10.66,2024-03,0,0,2.84,2,2023-03,0.11,0.88,2.11,"FCSSOFT,"
3I Infotech Ltd.,3IINFOLTD,IT - Software,684.33,2,2024-03,41.85,671.67,2024-03,813.88,-298.27,2024-03,0,,2.33,2,2023-03,0.06,0.21,1.9,"3IINFOLTD,"
Bartronics India Ltd.,ASMS,IT - Software,670.07,1,2024-03,,659.74,2024-03,48.84,1.38,2024-03,484.85,,25.01,2,2023-03,0,138.69,52.39,"ASMS,"
IZMO Ltd.,IZMO,IT - Software,563.59,2,2024-03,4.41,568,2024-03,186.75,26.05,2024-03,21.63,1.07,1.84,2,2023-03,0.04,7.64,8.06,"IZMO,"
CyberTech Systems And Software Ltd.,CYBERTECH,IT - Software,558.64,2,2024-03,3.35,488.85,2024-03,221.74,22.74,2024-03,24.57,0.52,2.56,2,2023-03,0.01,14.56,21.21,"CYBERTECH,"
Vinsys IT Services India Ltd.,VINSYS,IT - Software,552.62,1,2024-03,14.96,567.58,2024-03,45.99,9.84,2024-03,56.18,,7.47,2,2023-03,0.93,94.17,52.07,"VINSYS,"
XT Global Infotech Ltd.,531225,IT - Software,541.85,2,2024-03,39.7,578.14,2024-03,217.14,9.13,2024-03,46.41,,3.21,2,2023-03,0.23,8.7,11.53,"531225,"
All E Technologies Ltd.,ALLETEC,IT - Software,538.58,2,2024-03,,538.58,2024-03,116.33,19.73,2024-03,27.36,0.47,4.53,2,2023-03,0,16.75,21.81,"ALLETEC,"
Megasoft Ltd.,MEGASOFT,IT - Software,529.96,2,2024-03,144.69,656.16,2024-03,0,7.59,2024-03,0,0,3.47,2,2023-03,0.88,7.06,9.01,"MEGASOFT,"
Trust Fintech Ltd.,TRUST,IT - Software,512.84,1,2024-03,0.17,513.01,2024-03,35.04,12.5,2024-03,41.03,,5.16,1,2023-03,0,23.42,30.85,"TRUST,"
Softsol India Ltd.,532344,IT - Software,507.06,2,2024-03,0,502.76,2024-03,74.68,10.89,2024-03,46.56,3.3,2.9,2,2024-03,0,6.76,10.04,"532344,"
AION-Tech Solutions Ltd.,GOLDTECH,IT - Software,506.28,2,2024-03,9.55,495.42,2024-03,93.28,-2.18,2024-03,0,,7.55,2,2023-03,0.09,0.67,2.97,"GOLDTECH,"
Cressanda Railway Solutions Ltd.,512379,IT - Software,481.12,2,2023-09,,481.12,2024-03,204.67,13.79,2024-03,34.87,1.09,3.04,2,2023-03,0.01,10.02,11.69,"512379,"
Inspirisys Solutions Ltd.,INSPIRISYS,IT - Software,464.51,2,2024-03,87.19,492.6,2024-03,495.48,9.63,2024-03,126.57,3.12,15.86,2,2024-03,2.98,147.8,29.42,"INSPIRISYS,"
SoftTech Engineers Ltd.,SOFTTECH,IT - Software,457.71,2,2024-03,31.37,487.67,2024-03,78.78,3.32,2024-03,127.92,,3.63,2,2023-03,0.41,3.97,8.06,"SOFTTECH,"
Iris Business Services Ltd.,540735,BPO/ITeS,454.62,2,2024-03,5.44,443.88,2024-03,102.3,8.79,2024-03,52.29,2.26,8.92,2,2023-03,0.18,14.71,17.59,"540735,"
Trigyn Technologies Ltd.,TRIGYN,IT - Software,428.38,2,2024-03,0.26,428.64,2024-03,1279.66,19.92,2024-03,21.46,,0.61,2,2023-03,0,5.38,9.34,"TRIGYN,"
Sigma Solve Ltd.,SIGMA,BPO/ITeS,423.95,2,2024-03,4.84,421.5,2024-03,65.05,19.32,2024-03,26.27,,14.03,2,2023-03,0.11,53.49,76.38,"SIGMA,"
Systango Technologies Ltd.,SYSTANGO,IT - Software,411.83,1,2024-03,0,411.83,2024-03,52.68,16.24,2024-03,25.36,,6.72,2,2023-03,0.01,35.39,41.85,"SYSTANGO,"
Airan Ltd.,AIRAN,IT - Software,387.56,2,2024-03,0.76,380.32,2024-03,105.5,12.9,2024-03,30.89,2.01,3.08,2,2023-03,0.04,9.87,12.7,"AIRAN,"
MOS Utility Ltd.,MOS,Fintech,381.89,1,2024-03,1.4,383.29,2024-03,174.56,10.48,2024-03,36.43,,5.05,1,2023-03,0.3,31.97,31.09,"MOS,"
Intense Technologies Ltd.,INTENTECH,IT - Software,369.49,2,2024-03,0.16,369.66,2024-03,114.49,15.63,2024-03,23.63,0.24,2.87,2,2023-03,0,13.43,16.18,"INTENTECH,"
DRC Systems India Ltd.,DRCSYSTEMS,IT - Software,361.9,2,2024-03,,361.9,2024-03,47.68,11.61,2024-03,31.05,,7.57,2,2023-03,0,33.33,31.29,"DRCSYSTEMS,"
Virinchi Ltd.,VIRINCHI,IT - Software,359.07,2,2024-03,199.58,558.65,2024-03,300.03,13.48,2024-03,26.2,,0.77,2,2023-03,0.5,3.39,9.57,"VIRINCHI,"
Smartlink Holdings Ltd.,SMARTLINK,IT - Networking,322.89,2,2024-03,,314.03,2024-03,209.18,7.06,2024-03,45.74,5.61,1.7,2,2023-03,0.18,11.04,12.09,"SMARTLINK,"
Canarys Automations Ltd.,CANARYS,IT - Software,316.88,1,2024-03,3.77,320.65,2024-03,74.49,8.77,2024-03,36.13,,4.45,2,2023-03,0.56,53.59,40.83,"CANARYS,"
ABM Knowledgeware Ltd.,531161,IT - Software,310.03,2,2024-03,,293.08,2024-03,91.15,15.94,2024-03,21.41,,1.39,2,2023-03,0,7.09,9.18,"531161,"
Take Solutions Ltd.,TAKE,IT - Software,308.74,2,2024-03,27.96,335.75,2024-03,65.61,-119.62,2024-03,0,,-28.88,2,2023-03,0.31,-33.82,-19.83,"TAKE,"
Rox Hi-Tech Ltd.,ROXHITECH,IT - Networking,301.78,1,2024-03,21.41,323.19,2024-03,176.06,21.24,2024-03,14.21,,3.07,1,2023-03,0.94,92.99,63.8,"ROXHITECH,"
Dev Information Technology Ltd.,DEVIT,IT - Software,287.89,2,2024-03,12.83,294.66,2024-03,163.57,9.48,2024-03,31,1.67,5.19,2,2023-03,0.17,24.34,27.77,"DEVIT,"
Trejhara Solutions Ltd.,542233,IT - Software,274.79,2,2024-03,0.85,273.58,2024-03,36.58,17.06,2024-03,13.94,,1.24,2,2023-03,0.09,-88.81,-83.43,"542233,"
Nettlinx Ltd.,511658,IT - Software,251.8,2,2024-03,14.44,264.29,2024-03,32.75,8.15,2024-03,30.9,2.08,4.99,2,2023-03,0.27,-0.58,2.68,"511658,"
Cambridge Technology Enterprises Ltd.,CTE,IT - Software,247.35,2,2024-03,116.44,308.82,2024-03,206.23,5.58,2024-03,44.34,,2.2,2,2023-03,0.58,8.91,9.47,"CTE,"
GSS Infotech Ltd.,GSS,IT - Software,245.61,2,2024-03,1.37,237.02,2024-03,101.21,7.32,2024-03,32.95,2.59,0.7,2,2023-03,0.06,8.06,8.27,"GSS,"
Odyssey Technologies Ltd.,530175,IT - Software,245.01,1,2024-03,0,215.38,2024-03,26.33,4.45,2024-03,55.08,1.17,4.78,1,2024-03,0,9.01,12.04,"530175,"
Delaplex Ltd.,DELAPLEX,IT - Software,241.69,1,2024-03,,241.69,2024-03,55.35,10.08,2024-03,23.98,,3.17,1,2023-03,0,40.45,54.3,"DELAPLEX,"
Compucom Software Ltd.,COMPUSOFT,IT - Education,223.13,2,2024-03,38.64,207.79,2024-03,70.32,5.7,2024-03,42.05,,1.57,2,2023-03,0.01,3.76,5.8,"COMPUSOFT,"
GVP Infotech Ltd.,GVPTECH,IT - Software,222.47,1,2024-03,0.03,221.12,2024-03,33.25,2.91,2024-03,78.39,,1.28,1,2023-03,0,2.73,2.77,"GVPTECH,"
Avance Technologies Ltd.,512149,IT - Software,216.03,2,2024-03,,201.23,2024-03,144.29,4.88,2024-03,44.25,0.4,0.57,1,2023-03,0,0.11,0.14,"512149,"
Intrasoft Technologies Ltd.,ISFT,BPO/ITeS,215.8,2,2024-03,139.4,352.23,2024-03,485.47,9.8,2024-03,22.02,,1.02,2,2023-03,0.83,4.87,6.33,"ISFT,"
Diensten Tech Ltd.,DTL,IT - Software,212.34,1,2023-03,2.8,214.52,,,,2023-03,0,0,8.06,1,2023-03,0.66,5.68,9.52,"DTL,"
Enfuse Solutions Ltd.,ENFUSE,e-Commerce,190.13,1,2024-03,8.99,199.12,2024-03,39.85,5.36,2024-03,35.48,,5.37,1,2023-03,0.37,58.42,56.73,"ENFUSE,"
CG-VAK Software & Exports Ltd.,531489,IT - Software,185.27,2,2024-03,,169.81,2024-03,78.58,9.23,2024-03,20.07,0.37,2.96,2,2023-03,0,25.24,34.42,"531489,"
Xelpmoc Design And Tech Ltd.,XELPMOC,IT - Software,177.89,2,2024-03,,177.89,2024-03,6.47,-13.84,2024-03,0,,2.86,2,2023-03,0,-22.5,-19.7,"XELPMOC,"
Ace Software Exports Ltd.,531525,IT - Software,168.8,2,2024-03,1.9,170.7,2024-03,23.72,5.35,2024-03,34.12,,5.38,2,2023-03,0,0.58,0.94,"531525,"
Fidel Softech Ltd.,FIDEL,IT - Software,165.42,1,2024-03,,165.42,2024-03,40.09,6.06,2024-03,27.3,,4.41,1,2023-03,0,22.78,29.78,"FIDEL,"
7Seas Entertainment Ltd.,540874,IT - Software,163.71,1,2024-03,0.36,164.08,2024-03,11.79,0.96,2024-03,170.18,7.73,9.99,1,2023-03,-4.46,0,17.28,"540874,"
Cadsys India Ltd.,CADSYS,BPO/ITeS,158.49,1,2024-03,9.74,168.23,2024-03,27.2,2.24,2024-03,70.79,,3.74,2,2023-03,1.81,16.26,10.83,"CADSYS,"
Atishay Ltd.,538713,IT - Software,156.1,1,2024-03,1.19,154.03,2024-03,43.26,5.55,2024-03,28.11,4.88,3.69,1,2024-03,0.03,14.06,19.38,"538713,"
WEP Solutions Ltd.,532373,IT - Software,155.44,1,2024-03,11.77,148.63,2024-03,68.84,3.88,2024-03,40.13,1.21,2.55,1,2023-03,0.06,10.72,9.45,"532373,"
Enser Communications Ltd.,ENSER,BPO/ITeS,155.15,1,2024-03,6.76,161.9,2024-03,46.08,5.27,2024-03,29.43,,5.76,1,2023-03,1.6,50.85,35.65,"ENSER,"
MPS Infotecnics Ltd.,VISESHINFO,IT - Software,154.75,2,2024-03,30.94,150.72,2024-03,0.54,-3.56,2024-03,0,,0.36,1,2022-03,0.05,-0.95,-0.94,"VISESHINFO,"
Athena Global Technologies Ltd.,517429,IT - Software,151.07,2,2024-03,74.82,225.88,2024-03,13.78,205.1,2024-03,0.74,,0.76,2,2023-03,-7.23,0,-26.66,"517429,"
Elnet Technologies Ltd.,517477,IT - Software,143.78,1,2024-03,4.26,36.54,2024-03,26.15,17.49,2024-03,8.22,0.95,1.02,1,2023-03,0.03,11.79,16.04,"517477,"
BLS Infotech Ltd.,531175,IT - Software,143.13,1,2024-03,,143.09,2024-03,0.09,0,2024-03,0,0,3.48,1,2023-03,0,0.01,0.01,"531175,"
Securekloud Technologies Ltd.,SECURKLOUD,IT - Software,136.98,2,2024-03,117.82,254.8,2024-03,340.32,-95.82,2024-03,0,,-1.85,2,2023-03,4.9,-299.33,-60.82,"SECURKLOUD,"
Asit C Mehta Financial Services Ltd.,530723,IT - Software,131.94,2,2024-03,92.52,181.15,2024-03,42.4,-11.11,2024-03,0,,4.52,2,2023-03,-33.86,-767.76,-0.15,"530723,"
Palred Technologies Ltd.,532521,IT - Software,131.81,2,2024-03,63.4,142.71,2024-03,115.99,-5.09,2024-03,0,0,2.34,2,2023-03,0.92,-0.94,4.71,"532521,"
AAA Technologies Ltd.,AAATECH,BPO/ITeS,131.41,1,2024-03,,110.9,2024-03,23.8,3.21,2024-03,40.93,1.75,4.68,1,2023-03,0,11.87,15.89,"AAATECH,"
Sattrix Information Security Ltd.,544189,IT - Software,130.12,1,2023-03,1.95,130.52,,,,2023-03,34.95,,3.53,2,2023-03,0.16,40.61,49.11,"544189,"
Vedavaag Systems Ltd.,533056,IT - Software,124.67,2,2024-03,1.59,122.42,2024-03,86.7,7.89,2024-03,15.8,,0.93,2,2023-03,0.03,6.44,7.73,"533056,"
Suvidhaa Infoserve Ltd.,SUVIDHAA,Fintech,116.44,2,2024-03,,116.44,2024-03,7.61,-16.13,2024-03,0,,2.13,2,2023-03,0.09,-2.46,-1.78,"SUVIDHAA,"
Cranes Software International Ltd.,512093,IT - Software,112.75,1,2023-09,461.99,574.63,2023-12,0,12.36,2023-12,9.12,,-0.14,2,2023-03,-0.86,0,0,"512093,"
AMPVOLTS Ltd.,535719,IT - Software,106.31,1,2024-03,0.06,106.37,2024-03,1.02,-2.11,2024-03,0,,3.73,1,2023-03,1.28,-10.16,-5.91,"535719,"
Secmark Consultancy Ltd.,SECMARK,BPO/ITeS,104.86,2,2024-03,11.06,105.11,2024-03,24.59,-2.36,2024-03,0,,6.55,2,2023-03,0.56,-25.19,-24.9,"SECMARK,"
Yaari Digital Integrated Services Ltd.,YAARI,e-Commerce,103.66,2,2024-03,243.57,347.23,2024-03,0.02,-21.61,2024-03,0,0,-0.42,2,2023-03,-0.96,0,174.61,"YAARI,"
Ahasolar Technologies Ltd.,543941,IT - Software,101.72,1,2024-03,,101.72,2024-03,42.04,0.04,2024-03,0,,6.53,1,2023-03,0,72.92,63.94,"543941,"
Riddhi Corporate Services Ltd.,540590,BPO/ITeS,97.94,1,2024-03,12.27,110.21,2024-03,173.87,5.15,2024-03,19.03,0.35,1.79,1,2023-03,0.17,20.33,40.31,"540590,"
Tera Software Ltd.,TERASOFT,IT - Software,96.9,1,2024-03,33.46,130.36,2024-03,84.48,3.44,2024-03,28.12,1.65,0.86,1,2023-03,0.22,3.22,10.08,"TERASOFT,"
Ram Info Ltd.,530951,IT - Software,96.54,2,2024-03,10.87,59.71,2024-03,82.08,6.33,2024-03,15.14,0.42,1.96,2,2023-03,0.13,20.89,27.85,"530951,"
Adroit Infotech Ltd.,ADROITINFO,IT - Software,94.63,2,2024-03,3.01,95.98,2024-03,24.86,3.11,2024-03,31.59,,1.64,2,2023-03,0.23,35.46,23.35,"ADROITINFO,"
Akiko Global Services Ltd.,AKIKO,BPO/ITeS,90.79,1,2023-03,0.96,90.74,,,,2023-03,20.03,,2.21,1,2023-03,0.17,129.22,149.2,"AKIKO,"
Vertexplus Technologies Ltd.,VERTEXPLUS,IT - Software,90.41,1,2024-03,2.86,93.27,2024-03,18.22,0.72,2024-03,126.45,,3.82,2,2023-03,0.3,12.76,14.47,"VERTEXPLUS,"
Radiowalla Network Ltd.,RADIOWALLA,e-Commerce,89.58,1,2024-03,0.73,90.31,2024-03,15.27,1.59,2024-03,56.38,,3.73,2,2023-03,0.24,55.02,47.85,"RADIOWALLA,"
Quicktouch Technologies Ltd.,QUICKTOUCH,IT - Software,88.25,1,2024-03,22.89,111.14,2024-03,122.02,6.76,2024-03,13.04,0.11,2.22,1,2023-03,0.16,74.53,86.83,"QUICKTOUCH,"
Rolta India Ltd.,ROLTA,IT - Software,87.26,1,2023-03,10695.66,10584,2023-03,2.28,-1082.38,2023-03,0,,-0.02,2,2023-03,-1.17,0,-11.57,"ROLTA,"
G-Tec Jainx Education Ltd.,GTECJAINX,IT - Education,86.5,2,2024-03,0.5,87,2024-03,8.32,-0.12,2024-03,0,0,17.26,2,2023-03,0,29.11,29.43,"GTECJAINX,"
HOV Services Ltd.,HOVS,BPO/ITeS,86.21,2,2024-03,,75.2,2024-03,16.12,2.65,2024-03,32.1,2.31,3.77,2,2023-03,0.02,17.07,20.82,"HOVS,"
Olatech Solutions Ltd.,543578,IT - Software,81.52,1,2024-03,0.46,81.97,2024-03,15.16,3.02,2024-03,27.02,,11.03,1,2023-03,0.08,39.46,53.03,"543578,"
Ekansh Concepts Ltd.,531364,IT - Software,81.51,2,2024-03,54.08,135.59,2024-03,43.4,-3.32,2024-03,0,0,1.77,2,2023-03,1.22,22.13,21.96,"531364,"
Jeevan Scientific Technology Ltd.,538837,IT - Software,78.93,2,2024-03,10.78,89.72,2024-03,39.65,-1.32,2024-03,0,,1.63,2,2023-03,0.14,-6.61,-4.5,"538837,"
We Win Ltd.,543535,BPO/ITeS,77.15,2,2024-03,12.38,89.54,2024-03,65.04,2.45,2024-03,31.61,1.61,2.92,2,2023-03,0.34,10.72,13.95,"543535,"
Tridhya Tech Ltd.,TRIDHYA,IT - Software,71.84,1,2024-03,25.07,96.91,2024-03,34.24,-0.36,2024-03,0,,1.55,2,2023-03,1.81,18.04,16.55,"TRIDHYA,"
Popees Cares Ltd.,530565,IT - Software,70.13,1,2024-03,,70.13,2024-03,0,-2.45,2024-03,0,,-342.01,1,2023-03,0,-5.31,-5.31,"530565,"
Acceleratebs India Ltd.,543938,IT - Software,68.12,1,2024-03,0.54,68.66,2024-03,6.79,0.03,2024-03,0,,9.18,1,2023-03,0.15,17.71,27.67,"543938,"
Lee & Nee Softwares (Exports) Ltd.,517415,IT - Software,67.99,2,2024-03,0.09,65.78,2024-03,8.53,0.5,2024-03,136.52,50.85,1.2,2,2023-03,0,0.37,0.55,"517415,"
Yudiz Solutions Ltd.,YUDIZ,IT - Software,67.08,1,2024-03,0.85,29.52,2024-03,26.16,-2.87,2024-03,0,0,1.38,1,2023-03,0,31.3,43.56,"YUDIZ,"
Pace E-Commerce Ventures Ltd.,543637,e-Commerce,66.23,1,2024-03,4.53,70.75,2024-03,42.81,2.39,2024-03,27.67,,0.94,1,2023-03,0.05,1.28,2.68,"543637,"
PS IT Infrastructure & Services Ltd.,505502,IT - Software,65.53,1,2024-03,0.3,63.33,2024-03,20.72,-20.43,2024-03,0,0,1.91,1,2023-03,0.01,0.01,0.01,"505502,"
Orchasp Ltd.,532271,IT - Software,64.48,2,2024-03,,64.48,2024-03,13.46,0.87,2024-03,94.82,,0.55,2,2023-03,0.21,0.35,1.04,"532271,"
Sylph Technologies Ltd.,511447,IT - Software,63.17,1,2024-03,2.53,65.69,2024-03,15.75,-2.51,2024-03,0,0,0.85,1,2023-03,0.05,5.57,5.39,"511447,"
Micropro Software Solutions Ltd.,MICROPRO,IT - Software,61.77,1,2024-03,3.92,65.69,2024-03,21.48,3.11,2024-03,19.87,0.44,1.05,1,2023-03,0.24,43.8,46.16,"MICROPRO,"
Naapbooks Ltd.,543351,IT - Software,61.52,1,2024-03,1.82,63.33,2024-03,7.77,1.66,2024-03,37.12,,3.72,1,2023-03,0.11,9.06,12.54,"543351,"
Saven Technologies Ltd.,532404,IT - Software,60.9,1,2024-03,,52.92,2024-03,13.17,2.49,2024-03,24.42,1.26,3.3,1,2023-03,0,22.04,29.64,"532404,"
Globalspace Technologies Ltd.,540654,IT - Software,60.66,1,2024-03,11.42,72.09,2024-03,29.05,-3.53,2024-03,0,,1.08,1,2023-03,0.66,1.45,4.41,"540654,"
ERP Soft Systems Ltd.,530909,IT - Software,59.06,2,2024-03,1.88,60.95,2024-03,11.7,0.19,2024-03,339.44,,3.37,2,2023-03,0.11,1.84,2.27,"530909,"
Response Informatics Ltd.,538273,IT - Software,58.15,2,2024-03,1.95,60.09,2024-03,33.99,2.2,2024-03,26.49,,4.4,2,2023-03,0.29,11.4,11.53,"538273,"
LCC Infotech Ltd.,532019,IT - Education,54.69,2,2024-03,2.93,57.62,2024-03,1.76,-56.04,2024-03,0,,-221.54,2,2023-03,0.06,-1.15,-1.03,"532019,"
Vama Industries Ltd.,512175,IT - Software,53.7,2,2024-03,0.66,53.89,2024-03,5.68,-3.77,2024-03,0,,3.2,2,2023-03,0.31,-4.34,3.87,"512175,"
Reliable Data Services Ltd.,RELIABLE,IT - Software,52.12,2,2024-03,38.12,90.24,2024-03,79.38,5.29,2024-03,11.53,4.52,1.05,2,2023-03,0.65,11.58,13.3,"RELIABLE,"
SecUR Credentials Ltd.,SECURCRED,BPO/ITeS,46.81,1,2023-09,20.4,64.64,2023-12,38.25,4.81,2023-12,9.74,1.14,0.94,1,2023-03,0.41,17.59,21.44,"SECURCRED,"
Hiliks Technologies Ltd.,539697,IT - Software,43.43,1,2024-03,,43.24,2024-03,0.99,0.05,2024-03,819.51,,5.65,1,2023-03,0.01,1.45,2.64,"539697,"
Omega Interactive Technologies Ltd.,511644,IT - Software,42.86,1,2023-09,,42.86,2023-12,0.1,-0.16,2023-12,0,0,3.46,1,2023-03,0,6.8,9.13,"511644,"
Infronics Systems Ltd.,537985,IT - Software,42.72,1,2024-03,1.02,43.74,2024-03,4.34,2.52,2024-03,16.95,1.05,19.22,1,2023-03,-10.07,0,100.83,"537985,"
BITS Ltd.,526709,IT - Education,42.51,2,2024-03,,42.51,2024-03,0.89,0.14,2024-03,17.63,,2.4,2,2023-03,0,-0.35,-0.28,"526709,"
Globesecure Technologies Ltd.,GSTL,IT - Software,40.08,1,2024-03,8.83,48.9,2024-03,23.88,1.01,2024-03,39.6,,1.99,1,2023-03,0.36,11.05,12.84,"GSTL,"
Accedere Ltd.,531533,IT - Software,39.57,2,2024-03,0.27,39.84,2024-03,2.56,-0.09,2024-03,0,,9.21,2,2023-03,0.06,-1.82,-2.26,"531533,"
Megri Soft Ltd.,539012,IT - Software,39.56,2,2024-03,,38.12,2024-03,3.38,0.68,2024-03,57.92,7.31,1.81,2,2023-03,0,2.47,3.38,"539012,"
Netlink Solutions (India) Ltd.,509040,IT - Software,39.08,1,2024-03,,33.1,2024-03,1.96,9.2,2024-03,4.25,0.04,1.57,1,2023-03,0,35.6,42.13,"509040,"
Mudunuru Ltd.,538743,IT - Software,38.22,1,2024-03,3.13,41.35,2024-03,2.9,-3.2,2024-03,0,,-46.6,1,2023-03,-3.83,0,-67.03,"538743,"
Mindpool Technologies Ltd.,MINDPOOL,IT - Software,36.02,1,2024-03,,36.02,2024-03,34.98,0.18,2023-03,55.88,,2.83,2,2023-03,0.11,-0.82,2.51,"MINDPOOL,"
Net Avenue Technologies Ltd.,CBAZAAR,e-Commerce,35.72,1,2024-03,1.38,37.11,2024-03,26.19,-1.72,2024-03,0,,3.52,2,2023-03,5.74,0,81.41,"CBAZAAR,"
Jupiter Infomedia Ltd.,534623,BPO/ITeS,35.51,2,2024-03,,35.51,2024-03,4.8,9.01,2024-03,6.5,0.09,1.55,2,2023-03,0,33.33,40.01,"534623,"
Informed Technologies India Ltd.,504810,BPO/ITeS,34.9,2,2024-03,0.14,34.62,2024-03,2.4,2.66,2024-03,12.62,,1.8,2,2023-03,0.02,-2.81,-2.96,"504810,"
ACE Integrated Solutions Ltd.,ACEINTEG,BPO/ITeS,34.56,1,2024-03,0.2,31.54,2024-03,9.14,0.42,2024-03,84.29,,1.84,1,2023-03,0.01,2.58,3.57,"ACEINTEG,"
Jetking Infotrain Ltd.,517063,IT - Education,33.56,2,2024-03,,29.99,2024-03,18.92,-0.3,2024-03,0,,0.85,2,2023-03,0,-0.38,0.09,"517063,"
Computer Point Ltd.,507833,IT - Education,33.24,1,2024-03,,32.45,2024-03,0.02,0.01,2024-03,0,0,0.99,1,2023-03,0,0.02,0.03,"507833,"
B2B Software Technologies Ltd.,531268,IT - Software,33.02,2,2024-03,,27.85,2024-03,20.32,1.85,2024-03,17.9,0.58,1.65,2,2023-03,0,14.03,15.8,"531268,"
COSYN Ltd.,538922,IT - Software,32.06,2,2024-03,0.08,29.61,2024-03,15.5,0.03,2024-03,916.07,,1.18,2,2023-03,0.02,0.91,3.04,"538922,"
USG Tech Solutions Ltd.,532402,IT - Software,31.96,2,2024-03,3.3,35.02,2024-03,0,-0.25,2024-03,0,,0.86,2,2023-03,0.12,-0.68,-0.08,"532402,"
Ajel Ltd.,530713,IT - Software,31.78,1,2023-09,3.1,34.79,2023-12,4.72,-1.59,2023-12,0,0,2.34,2,2023-03,0.41,5.65,4.17,"530713,"
HRH Next Services Ltd.,HRHNEXT,BPO/ITeS,31.3,1,2024-03,10.16,41.46,2024-03,45.37,1.84,2024-03,16.98,,1.15,1,2023-03,0.95,39.94,36.87,"HRHNEXT,"
Educomp Solutions Ltd.,EDUCOMP,IT - Education,31.23,1,2023-09,2651.61,2668.93,2023-12,4.85,-16.71,2023-12,0,0,-0.01,2,2023-03,-0.88,0,0,"EDUCOMP,"
Starcom Information Technology Ltd.,531616,IT - Software,30.14,1,2024-03,21.31,51.32,2024-03,1.8,-7.69,2024-03,0,,-1.61,1,2023-03,-1.82,0,-35.64,"531616,"
Groarc Industries India Ltd.,532315,IT - Software,29.64,1,2024-03,,29.64,2024-03,40.67,0.27,2024-03,111.41,12.98,0.75,1,2023-03,0,0.75,0.75,"532315,"
LEX Nimble Solutions Ltd.,541196,IT - Software,29.54,1,2024-03,,21.17,2024-03,3.86,0.88,2024-03,33.72,0.91,2.04,1,2023-03,0,5.75,7.67,"541196,"
Kandarp Digi Smart BPO Ltd.,KANDARP,BPO/ITeS,28.71,1,2024-03,4.83,33.54,2024-03,16.51,1.01,2024-03,28.37,,1.7,1,2023-03,0.16,8.29,10.5,"KANDARP,"
Quadpro ITeS Ltd.,QUADPRO,BPO/ITeS,28.56,1,2024-03,,25.43,2024-03,9.03,0.81,2024-03,35.09,,1.49,1,2023-03,0,4.42,6.28,"QUADPRO,"
Plada Infotech Services Ltd.,PLADAINFO,BPO/ITeS,28.29,1,2024-03,14.28,39.26,2024-03,63.18,2.52,2024-03,11.22,,3.3,2,2023-03,2.2,36.8,21.47,"PLADAINFO,"
Sancode Technologies Ltd.,543897,IT - Software,26.92,2,2024-03,1.38,28.3,2024-03,4.76,-1.75,2024-03,0,,4.64,2,2023-03,0.02,18.98,1.15,"543897,"
California Software Company Ltd.,CALSOFT,IT - Software,26.43,2,2024-03,8.31,34.7,2024-03,4.28,0.62,2024-03,42.36,,2.24,2,2023-03,0.55,1.75,1.61,"CALSOFT,"
PlatinumOne Business Services Ltd.,543352,BPO/ITeS,25.57,1,2024-03,,25.57,2024-03,26.5,1.47,2024-03,17.37,0.58,1.86,1,2023-03,0,17.58,24.18,"543352,"
Popular Estate Management Ltd.,531870,IT - Software,21.57,1,2023-09,7.83,29.41,2023-12,0,-0.72,2023-12,0,0,0.5,1,2023-03,0.17,-2.04,-1.71,"531870,"
Usha Martin Education & Solutions Ltd.,UMESLTD,IT - Education,20.45,2,2024-03,1.7,22.15,2024-03,0.73,0.15,2024-03,135.4,7.1,1.43,2,2023-03,0.18,0.45,1.43,"UMESLTD,"
Octaware Technologies Ltd.,540416,IT - Software,19.78,1,2024-03,0.22,20,2024-03,5.29,-0.7,2024-03,0,,1.96,2,2023-03,0.04,-8.73,-8.15,"540416,"
Citizen Infoline Ltd.,538786,IT - Software,19.3,1,2024-03,,19.3,2024-03,3.92,0.01,2024-03,0,,4.2,1,2023-03,0,0.2,0.21,"538786,"
Euphoria Infotech (India) Ltd.,544094,IT - Software,18.95,1,2024-03,0.9,19.85,2024-03,6.01,0.93,2024-03,20.46,,,2,2023-03,0.38,37.56,42.83,"544094,"
Niks Technology Ltd.,543282,IT - Software,18.22,1,2024-03,0.16,18.38,2024-03,6.11,0.44,2024-03,41.04,0.37,5.86,1,2023-03,0,23,31.76,"543282,"
Patrona Risk Solutions Ltd.,540903,BPO/ITeS,16.87,1,2024-03,30.04,46.91,2024-03,13.05,0.04,2024-03,468.69,,0.28,1,2023-03,0.42,0.08,0.11,"540903,"
Continental Chemicals Ltd.,506935,IT - Software,16.54,1,2024-03,0.03,13.91,2024-03,0.42,0.52,2024-03,31.88,0.65,3.6,1,2023-03,0.04,6.33,7.53,"506935,"
Parle Industries Ltd.,532911,IT - Software,16.31,1,2024-03,1.08,17.39,2024-03,0,0.04,2024-03,582.5,7.14,0.8,1,2023-03,0,0.19,1.17,"532911,"
Ekennis Software Service Ltd.,543475,IT - Software,15.79,1,2024-03,,15.79,2024-03,2.72,0.01,2024-03,0,,3.14,2,2023-03,0.03,15.51,22.28,"543475,"
United Interactive Ltd.,502893,BPO/ITeS,15.43,2,2024-03,,-3.97,2024-03,3.83,0.74,2024-03,51.78,,0.44,2,2023-03,0,-4.55,-2.28,"502893,"
ObjectOne Information Systems Ltd.,535657,IT - Software,14.73,1,2024-03,0.35,13.1,2024-03,20.41,-0.24,2024-03,0,0,1,2,2023-03,0.05,12.02,14.92,"535657,"
Vivo Collaboration Solutions Ltd.,VIVO,IT - Software,14.71,1,2024-03,,14.71,2024-03,5.18,-0.67,2024-03,0,,1.03,1,2023-03,0,2.48,3.85,"VIVO,"
Sofcom Systems Ltd.,538923,IT - Software,14.66,1,2023-09,0,14.66,2023-12,0.39,0.06,2023-12,257.17,4.19,2.7,1,2023-03,0,57.19,44.65,"538923,"
Jointeca Education Solutions Ltd.,534659,IT - Software,13.86,1,2023-09,1.08,14.95,2024-03,0.1,-1.02,2024-03,0,0,1.77,1,2023-03,0.13,-10.54,-10.15,"534659,"
Kashyap Tele-Medicines Ltd.,531960,IT - Software,11.93,1,2024-03,,11.93,2024-03,0.19,-0.03,2024-03,0,,18.67,1,2023-03,0,0.46,0.64,"531960,"
Mipco Seamless Rings (Gujarat) Ltd.,505797,IT - Software,11.47,1,2024-03,0.71,12.18,2024-03,0,-0.31,2024-03,0,0,-3.61,1,2023-03,-0.97,0,0,"505797,"
Southern Infosys Ltd.,540174,IT - Software,11.14,2,2024-03,,8.54,2024-03,18.56,0.24,2024-03,40.38,,1.96,2,2023-03,0,1.12,2.11,"540174,"
Senthil Infotek Ltd.,531980,IT - Software,10.92,1,2024-03,,10.92,2024-03,0.11,0,2024-03,0,,2.29,1,2023-03,0,0.09,0.14,"531980,"
VCU Data Management Ltd.,536672,IT - Software,10.87,1,2024-03,,10.87,2024-03,0,0.01,2024-03,0,0,0.36,1,2023-03,0,1.47,2.25,"536672,"
Triton Corp Ltd.,523387,BPO/ITeS,10.39,2,2024-03,1.47,11.86,2024-03,0,-0.44,2024-03,0,,46.85,2,2023-03,2.33,-25.61,-8.37,"523387,"
First Fintec Ltd.,532379,IT - Software,10.21,1,2024-03,0.21,10.41,2024-03,1.78,-0.19,2024-03,0,,0.96,1,2023-03,0.06,-14.16,-15.21,"532379,"
Jonjua Overseas Ltd.,542446,IT - Software,9.59,1,2024-03,0.09,6.79,2024-03,3.95,1.21,2024-03,7.95,0.09,0.96,1,2023-03,0,10.1,11.33,"542446,"
Otco International Ltd.,523151,IT - Software,9.47,1,2024-03,6.41,15.88,2024-03,2.01,0.06,2024-03,147.92,,3.92,1,2023-03,1.71,3.31,1.86,"523151,"
Virgo Global Ltd.,532354,IT - Software,9.19,1,2024-03,2.49,11.69,2024-03,84.95,0.24,2024-03,38.62,0.41,11.41,1,2023-03,4.79,47.74,19.22,"532354,"
Aris International Ltd.,531677,IT - Software,9.06,1,2024-03,0.26,9.32,2024-03,0.35,0.13,2024-03,70.75,,15.54,1,2023-03,0.16,-308.19,-110.83,"531677,"
Fone4 Communications (India) Ltd.,543521,e-Commerce,7.96,1,2024-03,2.59,10.55,2024-03,142.45,-6.5,2024-03,0,,0.58,1,2023-03,0.15,-16.97,-12.77,"543521,"
Datasoft Application Software (India) Ltd.,526443,IT - Software,7.57,1,2024-03,0.57,8.14,2024-03,2.43,0.14,2024-03,43.78,,34.71,1,2023-03,3.05,-152.93,-84.19,"526443,"
Tranway Technologies Ltd.,542923,IT - Software,7.54,1,2024-03,5.15,12.68,2024-03,3.71,0.05,2024-03,156.99,,0.65,2,2023-03,0.25,2.01,3.19,"542923,"
Wherrelz IT Solutions Ltd.,543436,IT - Software,7.44,1,2024-03,38.48,45.92,2024-03,8.63,0.1,2024-03,75.95,,5.62,1,2023-03,0,-3.72,-3.94,"543436,"
Integra Telecommunication And Software Ltd.,536868,IT - Software,7.24,1,2023-03,0.61,7.86,2023-06,0.25,0.02,2023-06,381.27,7.83,0.67,1,2022-03,0.05,6.76,7.6,"536868,"
TeleCanor Global Ltd.,530595,BPO/ITeS,7.15,1,2024-03,4.3,11.45,2024-03,0.26,0.01,2024-03,894.19,,-1.39,1,2023-03,0,0,0,"530595,"
Omni AxS Software Ltd.,532340,IT - Software,7.08,1,2024-03,,7.08,2024-03,0.06,-0.12,2024-03,0,,0.61,1,2023-03,0,-1.31,-1.31,"532340,"
Integrated Hitech Ltd.,532303,IT - Software,6.95,2,2024-03,0.87,7.62,2024-03,0.02,-7.69,2024-03,0,,2.67,2,2023-03,0,-1.88,-1.88,"532303,"
Interactive Financial Services Ltd.,539692,IT - Software,6.81,1,2024-03,,5.3,2024-03,3.07,0.61,2024-03,11.16,0.58,0.6,1,2023-03,0,14.57,18.8,"539692,"
Quintegra Solutions Ltd.,QUINTEGRA,IT - Software,6.57,1,2024-03,13.21,19.78,2024-03,0,-0.05,2024-03,0,0,-0.51,1,2023-03,-0.99,0,0,"QUINTEGRA,"
Melstar Information Technologies Ltd.,MELSTAR,IT - Software,6.53,1,2020-09,2.97,9.5,2020-12,4.41,-2.44,2020-12,0,,,1,2020-03,-0.79,0,-316.65,"MELSTAR,"
Hypersoft Technologies Ltd.,539724,IT - Software,6.46,1,2024-03,0.02,4.02,2024-03,0.83,-0.67,2024-03,0,,4.51,1,2023-03,0.06,-5.22,-3.2,"539724,"
Virtualsoft Systems Ltd.,531126,IT - Software,5.99,2,2024-03,47.51,52.92,2024-03,5.12,-2.41,2024-03,0,,-0.25,2,2023-03,-1.99,0,-19.12,"531126,"
Nihar Info Global Ltd.,531083,IT - Software,5.86,2,2024-03,1.8,7.66,2024-03,3.21,-3.76,2024-03,0,,,1,2023-03,0.11,0.72,2.14,"531083,"
Space Incubatrics Technologies Ltd.,541890,IT - Software,5.81,2,2024-03,0.04,5.76,2024-03,0,0.03,2024-03,200.49,13.48,0.65,2,2023-03,0.01,-24.47,-24.19,"541890,"
I Power Solutions India Ltd.,512405,IT - Software,5.28,1,2024-03,0.25,5.53,2024-03,0,-0.16,2024-03,0,,1.29,1,2023-03,0.02,-5.35,-5.57,"512405,"
Capricorn Systems Global Solutions Ltd.,512169,IT - Software,5.21,1,2024-03,,4.99,2024-03,0.83,-0.15,2024-03,0,0,1.42,1,2023-03,0,1.43,1.96,"512169,"
Svam Softwares Ltd.,523722,IT - Software,5.12,1,2023-09,,5.12,2023-12,1.43,0.11,2023-12,45.69,,0.26,1,2023-03,0,-0.73,-0.51,"523722,"
Bharatiya Global Infomedia Ltd.,BGLOBAL,IT - Software,4.99,2,2024-03,2.48,6.83,2024-03,1.52,-2.12,2024-03,0,,0.06,2,2023-03,0.05,-3.05,-2.77,"BGLOBAL,"
Mahaveer Infoway Ltd.,539383,IT - Software,4.9,2,2024-03,1.73,6.63,2024-03,5.41,-0.45,2024-03,0,0,1.26,2,2023-03,0.31,-6.91,-1.25,"539383,"
T Spiritual World Ltd.,532444,IT - Software,4.7,1,2024-03,,4.7,2024-03,0,-0.19,2024-03,0,,3.06,1,2023-03,0,-10.03,-10.03,"532444,"
Hit Kit Global Solutions Ltd.,532359,IT - Software,4.37,1,2024-03,0.14,4.5,2024-03,0.28,-2.72,2024-03,0,0,0.63,1,2023-03,0.01,0.04,0.06,"532359,"
Adjia Technologies Ltd.,543269,IT - Software,4,1,2024-03,0.05,4.06,2024-03,0.33,0.07,2024-03,55.62,,1.81,1,2023-03,0.03,-4.09,-3.92,"543269,"
Netripples Software Ltd.,542117,IT - Software,3.76,1,2023-03,0,3.75,,,,2022-03,0,,0.38,1,2023-03,0,0.11,0.12,"542117,"
Pagaria Energy Ltd.,531396,IT - Software,3.67,1,2024-03,,3.67,2024-03,0,0.04,2024-03,71.98,15.15,0.59,1,2023-03,0.03,0.55,0.85,"531396,"
PFL Infotech Ltd.,531769,IT - Software,3.13,1,2024-03,0.05,3.18,2024-03,0,-5.7,2024-03,0,,7.33,1,2023-03,0.01,-0.69,-0.68,"531769,"
Twinstar Industries Ltd.,531917,IT - Software,2.9,1,2021-09,15.79,18.53,2021-12,0,-3.17,2021-12,0,,,1,2021-03,0.8,-15.73,-8.95,"531917,"
IEC Education Ltd.,531840,IT - Education,2.7,2,2024-03,1.68,4.38,2024-03,0,-0.66,2024-03,0,0,0.09,2,2023-03,0.05,-0.75,-0.7,"531840,"
Sankhya Infotech Ltd.,532972,IT - Software,2.69,1,2022-03,30.06,32.75,2022-03,0,-13.9,2022-03,0,,0.34,1,2021-03,0.92,-20.56,-11.91,"532972,"
Fourth Generation Information Systems Ltd.,532403,IT - Software,1.93,1,2024-03,0.29,2.23,2024-03,0.06,-0.14,2024-03,0,,-3.58,1,2023-03,-0.95,0,0,"532403,"
Sindu Valley Technologies Ltd.,505504,IT - Software,1.32,1,2024-03,,1.32,2024-03,0,-0.44,2023-03,0,,-3.6,1,2023-03,0,0,0,"505504,"
IDream Film Infrastructure Company Ltd.,504375,IT - Software,1.28,2,2024-03,3.89,5.17,2024-03,0.04,-0.15,2023-12,0,0,-0.3,2,2023-03,-0.9,0,0,"504375,"
Baron Infotech Ltd.,532336,IT - Software,0.9,1,2024-03,1.1,2,2024-03,0,-0.17,2024-03,0,,-2.32,1,2023-03,-5.08,-296.67,-126.88,"532336,"
Bodhtree Consulting Ltd.,539122,IT - Software,0.89,1,2024-03,,-6.58,2024-03,16.56,-2.46,2023-03,0,,0.37,2,2023-03,0.3,-48.5,-36.01,"539122,"
G-Tech Info Training Ltd.,532139,BPO/ITeS,0.56,1,2024-03,,0.56,2024-03,0,0.01,2024-03,43.08,2.03,4.82,1,2023-03,0,5.58,7.57,"532139,"
Covidh Technologies Ltd.,534920,IT - Software,0,1,2024-03,0.18,0.19,2024-03,0,-0.1,2023-12,0,,-0.39,1,2023-03,-1.07,0,-5149.45,"534920,"
